node,centrality,community,density,eign,betwness,closeness,volatility,name,type
149,1,0,0.0256410256410256,0.0001981747695495,0.0,0.2587150527820395,0.0,dept0#149,
346,1,0,0.0256410256410256,6.566588606819127e-08,0.0,0.215039311874202,0.45,dept0#346,outgoing
511,1,0,0.0256410256410256,2.6224441655608385e-05,0.0,0.2539413293853392,0.35,dept0#511,
712,1,0,0.0256410256410256,5.979234967803422e-133,0.0,0.0015455950540958,0.05,dept0#712,
814,1,0,0.0256410256410256,0.0012632684522952,0.0,0.234907508036234,0.45,dept0#814,incoming
180,2,0,0.0256410256410256,1.676573391416609e-124,0.0,0.0030911901081916,0.1,dept0#180,
257,3,0,0.0256410256410256,0.0002713830599459,0.0092642573722996,0.2950026720212724,0.6,dept0#257,outandin
284,3,0,0.0256410256410256,1.4807093288822463e-05,9.098328190175456e-05,0.2642219257753133,0.0,dept0#284,
402,4,0,0.0256410256410256,8.478013145054445e-07,0.0002989965913941,0.2290433191597868,0.15,dept0#402,
656,5,0,0.0256410256410256,0.0001529845126044,0.0012322889592896,0.2983391772656223,0.0,dept0#656,
682,5,0,0.0256410256410256,0.0001026078569452,0.0,0.302184121316301,0.05,dept0#682,
680,6,0,0.0256410256410256,0.0001989199518789,0.0007096963249758,0.2818680917888026,0.0,dept0#680,
122,7,0,0.0256410256410256,0.0017070387474948,0.0050702123633135,0.3275094330872481,0.05,dept0#122,
347,7,0,0.0256410256410256,0.0002541793312587,0.0003892063516775,0.2684799551135075,0.0,dept0#347,
575,7,0,0.0256410256410256,0.0633447888358857,0.0,0.2644426625554096,0.0,dept0#575,
344,8,0,0.0256410256410256,0.0037733779127719,0.0069404667772919,0.2921438551719661,0.0,dept0#344,
278,9,0,0.0256410256410256,0.0028161266791854,0.0088394298787063,0.330415310103158,0.0,dept0#278,
851,9,0,0.0256410256410256,0.0003796450916376,0.0062051501461118,0.301464635313167,0.0,dept0#851,
343,11,0,0.0256410256410256,7.04855711292169e-05,0.007084489137367,0.2958297823166592,0.0,dept0#343,
857,11,0,0.0256410256410256,0.0158523148437684,0.0017061722793106,0.2986206293196465,0.0,dept0#857,
191,12,0,0.0256410256410256,0.0031420276047956,0.0051764109378658,0.3396329045910143,0.0,dept0#191,
157,13,0,0.0256410256410256,0.0059118358579577,0.026811451974325,0.3203824565575155,0.0,dept0#157,
231,14,0,0.0256410256410256,0.0032083279716173,0.0028958364613815,0.3412807192224532,0.0,dept0#231,
277,20,0,0.0256410256410256,0.0003601387570566,0.0081232638582686,0.2983391772656223,0.0,dept0#277,
692,25,0,0.0256410256410256,0.0045665460957279,0.017168799555317,0.3676397991623988,0.0,dept0#692,
214,30,0,0.0256410256410256,0.0066649490279278,0.031187920615304,0.3757126018739767,0.0,dept0#214,
178,35,0,0.0256410256410256,0.0034331288340765,0.0108147610613939,0.3710877691428199,0.05,dept0#178,
18,1,1,0.0138760407030527,4.9297944984706855e-08,0.0,0.1961201159100528,0.6,dept1#18,incoming
226,1,1,0.0138760407030527,3.4577389986608748e-06,0.0,0.2540432320054778,0.45,dept1#226,
312,1,1,0.0138760407030527,5.549974541455642e-06,0.0,0.2259370928471273,0.4,dept1#312,incoming
315,1,1,0.0138760407030527,2.8812266075925373e-06,0.0,0.2410798683007047,0.6,dept1#315,incoming
341,1,1,0.0138760407030527,0.003444923009077,0.0,0.277908575135053,0.55,dept1#341,
459,1,1,0.0138760407030527,0.000204369481229,0.0,0.2583982588398574,0.45,dept1#459,
645,1,1,0.0138760407030527,1.6465604673319557e-06,0.0,0.1982078065615687,0.4,dept1#645,outandin
797,1,1,0.0138760407030527,2.892389815341834e-06,0.0,0.2563059652460124,0.4,dept1#797,incoming
872,1,1,0.0138760407030527,0.0002615267841319,0.0,0.2844005993520443,0.2,dept1#872,
916,1,1,0.0138760407030527,1.2633287034015463e-05,0.0,0.2577669927351998,0.55,dept1#916,
308,2,1,0.0138760407030527,3.2958223027159907e-06,2.5374822975442173e-05,0.2304607696241903,0.75,dept1#308,outgoing
317,2,1,0.0138760407030527,3.6077661690907104e-05,5.409490312058151e-05,0.2714732993814969,0.35,dept1#317,
414,2,1,0.0138760407030527,0.0001573535342897,0.0,0.2936343850452925,0.15,dept1#414,incoming
468,2,1,0.0138760407030527,0.0001220820782676,3.475599576113046e-05,0.2524225415301637,0.0,dept1#468,
479,2,1,0.0138760407030527,0.0005717933163199,0.0004906613081338,0.2893399150629117,0.15,dept1#479,
775,2,1,0.0138760407030527,8.022382616127263e-05,0.0,0.2842728936495962,0.05,dept1#775,
798,2,1,0.0138760407030527,9.594917759421486e-05,0.0005036008971536,0.307616974809354,0.35,dept1#798,
904,2,1,0.0138760407030527,0.0001213621748339,7.008677596912891e-05,0.275729849371799,0.2,dept1#904,
227,3,1,0.0138760407030527,8.142577374825689e-05,1.1873347007471304e-05,0.2165842402181494,0.4,dept1#227,
516,3,1,0.0138760407030527,1.9001356493597513e-05,0.0,0.272877471619677,0.0,dept1#516,
73,4,1,0.0138760407030527,3.235023320563186e-05,0.0008357503611215,0.2428368753961069,0.2,dept1#73,
309,4,1,0.0138760407030527,2.581054067052578e-06,0.0044977909598065,0.2494388235451736,0.1,dept1#309,
310,4,1,0.0138760407030527,0.0010534659679344,0.0003309660399744,0.2917399696579035,0.0,dept1#310,
603,4,1,0.0138760407030527,6.508616493124294e-06,0.0006143733144507,0.2620346581778355,0.5,dept1#603,outgoing
846,4,1,0.0138760407030527,0.0026997034492164,0.0,0.2663339226578253,0.0,dept1#846,
1,5,1,0.0138760407030527,8.056792994313606e-05,0.0004354000720628,0.2652181542344577,0.05,dept1#1,
223,5,1,0.0138760407030527,4.4532669742582296e-05,0.0037763893667019,0.2869790272700139,0.05,dept1#223,
17,6,1,0.0138760407030527,0.0029320955576837,4.296499371454562e-05,0.2849125716281056,0.15,dept1#17,
248,6,1,0.0138760407030527,0.0013949544098712,4.983679067014734e-05,0.3351380276112497,0.0,dept1#248,
764,6,1,0.0138760407030527,0.0002373210024791,0.0018616470738214,0.2944538298407678,0.0,dept1#764,
220,7,1,0.0138760407030527,0.001171313873932,0.0010342627661064,0.3363845558754786,0.0,dept1#220,
228,7,1,0.0138760407030527,0.0004504549900444,2.0909559996247303e-05,0.2812419965160598,0.0,dept1#228,
311,7,1,0.0138760407030527,0.0002540051476767,0.0097423277797646,0.2952778610809938,0.0,dept1#311,
650,7,1,0.0138760407030527,9.657627128358456e-05,0.0001841100072216,0.2862006031454117,0.05,dept1#650,
697,7,1,0.0138760407030527,8.644871674808372e-05,0.0003426153231611,0.2592447723823303,0.0,dept1#697,
74,8,1,0.0138760407030527,0.023250629687263,0.0019842948972333,0.2900026267327763,0.05,dept1#74,
743,11,1,0.0138760407030527,0.0203254624744246,0.0026939190137689,0.2997517680670695,0.0,dept1#743,
696,12,1,0.0138760407030527,0.0060065734914631,0.0016019023983319,0.3228331127779962,0.0,dept1#696,
605,13,1,0.0138760407030527,0.0005926965699229,0.0015997949914339,0.3043633337296397,0.0,dept1#605,
313,16,1,0.0138760407030527,0.0963379456385344,0.0141924115147321,0.3229978235498217,0.1,dept1#313,
415,17,1,0.0138760407030527,0.009310134062718,0.0066973929262406,0.349958946466363,0.0,dept1#415,
517,20,1,0.0138760407030527,0.0093721464236819,0.0324397818883792,0.3495724650235509,0.0,dept1#517,
731,20,1,0.0138760407030527,0.0003978805873892,0.035865730331469,0.3457540874700441,0.0,dept1#731,
0,21,1,0.0138760407030527,0.0004637414980718,0.0,0.2918744740238131,0.0,dept1#0,
120,23,1,0.0138760407030527,0.0025582774349615,0.0521533444801675,0.3746010261287874,0.0,dept1#120,
316,28,1,0.0138760407030527,0.0282511598970726,0.0014011659996421,0.3509288992004716,0.0,dept1#316,
629,28,1,0.0138760407030527,0.028523624170604,0.0336284092463366,0.3582771557202324,0.0,dept1#629,
151,1,2,0.0,3.632397147719514e-06,0.0,0.2186790100717273,0.0,dept10#151,
361,1,2,0.0,0.0002212918942654,0.0,0.2844005993520443,0.2,dept10#361,
442,1,2,0.0,3.4577389986608748e-06,0.0,0.2540432320054778,0.65,dept10#442,incoming
983,1,2,0.0,2.011744493322469e-05,0.0,0.2844005993520443,0.75,dept10#983,outandin
113,2,2,0.0,0.0004515911629714,0.0,0.2590326244507572,0.0,dept10#113,
114,2,2,0.0,0.0001240072373301,0.0,0.2734668398089204,0.1,dept10#114,
847,2,2,0.0,6.0473906960387565e-05,3.419592811324736e-05,0.2378195845821377,0.4,dept10#847,outgoing
119,3,2,0.0,0.000642306440918,0.0,0.2677985339076356,0.1,dept10#119,
444,4,2,0.0,0.0002991421154897,0.0001035431716546,0.257243288971008,0.05,dept10#444,
925,5,2,0.0,4.032111153955337e-05,0.0015272092588359,0.2556848683996974,0.0,dept10#925,
976,5,2,0.0,0.0001835804377902,7.93839803127729e-07,0.2732307872929006,0.0,dept10#976,
48,6,2,0.0,0.001016569973625,0.0010656185739436,0.3165378670788253,0.0,dept10#48,
171,6,2,0.0,4.791190566617497e-05,0.0,0.2582928331936559,0.0,dept10#171,
229,6,2,0.0,0.0043244409969275,0.0007984867860187,0.3123215264714606,0.0,dept10#229,
318,6,2,0.0,0.0014964214132512,0.0031104350967387,0.286719082498936,0.0,dept10#318,
485,6,2,0.0,0.0004275049548786,0.0006765396434295,0.2760905949226562,0.0,dept10#485,
704,7,2,0.0,0.0012866116187493,0.0020796324270841,0.3095724861406604,0.0,dept10#704,
423,8,2,0.0,0.0002888563700393,3.4399724802201585e-06,0.2892077360245092,0.0,dept10#423,
795,8,2,0.0,0.0008375608038995,0.0023759117485837,0.2680252896518419,0.0,dept10#795,
75,9,2,0.0,0.0015181727371403,0.0039115426663753,0.3385431733463372,0.0,dept10#75,
245,9,2,0.0,0.0004164741437177,0.0015444631512432,0.3256562418506433,0.0,dept10#245,
547,9,2,0.0,0.0001611598972823,0.011910689656925,0.275609810255834,0.0,dept10#547,
443,12,2,0.0,0.0012978449935248,0.0012563603702685,0.3056860135961616,0.0,dept10#443,
333,20,2,0.0,0.0003816521333498,0.0106027114749533,0.2926841119545311,0.0,dept10#333,
39,1,3,0.0147058823529411,9.382269907366514e-05,0.0,0.2791339215862657,0.7,dept11#39,incoming
588,1,3,0.0147058823529411,3.544804638184939e-06,0.0,0.2279710962036913,0.3,dept11#588,outgoing
25,2,3,0.0147058823529411,3.931860616624811e-05,0.0,0.2414476484201566,0.15,dept11#25,
722,2,3,0.0147058823529411,0.0002199269497953,0.0,0.2590326244507572,0.05,dept11#722,
997,2,3,0.0147058823529411,0.0002188301681256,0.0,0.3215214495468008,0.1,dept11#997,
28,4,3,0.0147058823529411,0.0002314436240957,0.0,0.293090617665579,0.1,dept11#28,
35,4,3,0.0147058823529411,6.908899602903945e-05,2.579979360165119e-06,0.251021306168775,0.0,dept11#35,
590,4,3,0.0147058823529411,7.3394501656144175e-06,9.924730502781666e-05,0.2308810117278084,0.05,dept11#590,
38,6,3,0.0147058823529411,9.667601251604151e-05,0.0095259252464826,0.2968006254841306,0.0,dept11#38,
29,7,3,0.0147058823529411,0.0002211977120372,0.0203042399401746,0.3135590560463847,0.0,dept11#29,
31,7,3,0.0147058823529411,0.0088820822955883,0.0001272080602575,0.2905349858456405,0.0,dept11#31,
953,9,3,0.0147058823529411,0.0022601868464363,0.0045873337223003,0.2943169382415856,0.05,dept11#953,
40,10,3,0.0147058823529411,0.0005783536559167,0.0059203281587044,0.322339986841981,0.0,dept11#40,
24,13,3,0.0147058823529411,0.0135201166365062,0.0069154525331435,0.3112466736271636,0.0,dept11#24,
32,14,3,0.0147058823529411,0.0012698559085729,0.0221057515068797,0.3568634352636137,0.0,dept11#32,
30,15,3,0.0147058823529411,0.102097931282414,0.0009551016304077,0.2900026267327763,0.0,dept11#30,
915,43,3,0.0147058823529411,0.0677030639347515,0.0174246097818516,0.38625731187166,0.0,dept11#915,
427,1,4,0.0,2.0910742243280677e-05,0.0,0.2278890331741003,0.05,dept12#427,
470,6,4,0.0,0.0002071084872536,0.0009046729384879,0.2894722149783497,0.0,dept12#470,
980,8,4,0.0,0.0005209173885105,0.0030941137754522,0.2772999273577095,0.0,dept12#980,
330,1,5,0.025,3.4507974640002073e-06,0.0,0.226990223792632,0.3,dept13#330,incoming
437,1,5,0.025,9.55844862687574e-06,0.0,0.2614934878800705,0.45,dept13#437,incoming
169,2,5,0.025,1.0776910640414829e-07,0.0,0.1982698822917791,0.05,dept13#169,
439,4,5,0.025,0.0772125000347741,0.0002338262591889,0.2664460160596173,0.0,dept13#439,
170,5,5,0.025,0.0002926318000264,0.0015401957321254,0.2687078667901743,0.0,dept13#170,
338,5,5,0.025,0.0002951335734522,2.40911230604892e-05,0.3085164396479779,0.0,dept13#338,
251,6,5,0.025,0.000442865384733,6.406322418888438e-05,0.322339986841981,0.0,dept13#251,
136,7,5,0.025,0.0071076893088747,0.0,0.2904017129163535,0.0,dept13#136,
883,7,5,0.025,0.0003440576836386,0.0028818370698272,0.3207070588437947,0.0,dept13#883,
609,10,5,0.025,0.0006012742823464,0.02832796413388,0.3465110750726057,0.0,dept13#609,
900,10,5,0.025,0.0028713324575011,0.0005772872520277,0.322175946136209,0.0,dept13#900,
337,14,5,0.025,0.0018570150934166,0.0106399627296545,0.3194125803015392,0.0,dept13#337,
724,20,5,0.025,0.0015083099305897,0.018820557427041,0.3298987671483328,0.0,dept13#724,
135,21,5,0.025,0.004054167674402,0.0044016234272745,0.3578720939274453,0.0,dept13#135,
978,23,5,0.025,0.000791321498863,0.0079700697120301,0.3207070588437947,0.0,dept13#978,
165,24,5,0.025,0.0179945863013021,0.007540734305721,0.3189298408854663,0.0,dept13#165,
7,1,6,0.0129943502824858,1.818441966298932e-06,0.0,0.2044158005029547,0.5,dept14#7,
44,1,6,0.0129943502824858,2.2198592496963703e-05,0.0,0.2363987058094289,0.15,dept14#44,outandin
407,1,6,0.0129943502824858,5.5810929117506066e-05,0.0,0.2151854976742524,0.25,dept14#407,
441,1,6,0.0129943502824858,6.177300886188817e-06,0.0,0.2101845066924471,0.45,dept14#441,outgoing
488,1,6,0.0129943502824858,3.996714920800206e-06,0.0,0.2172531688941835,0.55,dept14#488,
505,1,6,0.0129943502824858,2.6995623321614492e-05,0.0,0.241539768850687,0.2,dept14#505,
699,1,6,0.0129943502824858,0.018301019666002,0.0,0.2464288572042237,0.5,dept14#699,
805,1,6,0.0129943502824858,1.800509045671285e-05,0.0,0.2885486482031224,0.2,dept14#805,incoming
830,1,6,0.0129943502824858,0.0003656399744244,0.0,0.2976378627915612,0.2,dept14#830,
893,1,6,0.0129943502824858,1.337092267009599e-06,0.0,0.2383568276195974,0.7,dept14#893,outandin
8,2,6,0.0129943502824858,2.0897480272054683e-05,0.0,0.2944538298407678,0.2,dept14#8,incoming
12,2,6,0.0129943502824858,2.991930288004926e-05,0.0,0.257243288971008,0.05,dept14#12,
19,2,6,0.0129943502824858,0.0001074123465869,0.0,0.264996121455693,0.25,dept14#19,
365,2,6,0.0129943502824858,0.000193326020547,0.0011897967817307,0.2790109009068535,0.1,dept14#365,
487,2,6,0.0129943502824858,3.390561437550693e-07,0.0,0.2190573474593947,0.5,dept14#487,incoming
649,2,6,0.0129943502824858,9.71414311215729e-06,0.0022561680143177,0.2703141478042914,0.4,dept14#649,
672,2,6,0.0129943502824858,5.7213142153399426e-05,0.0,0.2400742260741944,0.2,dept14#672,
264,3,6,0.0129943502824858,0.0009053091408479,3.929684618279378e-05,0.30972394039024,0.0,dept14#264,
466,3,6,0.0129943502824858,0.0001587530237808,0.0014677378279516,0.2705451855374576,0.35,dept14#466,
566,3,6,0.0129943502824858,6.585336980576605e-05,0.0044786750992356,0.2914713324851062,0.1,dept14#566,
573,3,6,0.0129943502824858,0.0100545867614122,0.0,0.2871091764887304,0.05,dept14#573,
729,3,6,0.0129943502824858,0.0001572913955307,0.0015273477812177,0.2720566111549852,0.3,dept14#729,
957,3,6,0.0129943502824858,1.71910263848299e-05,4.299965600275198e-06,0.2427437630972587,0.0,dept14#957,
293,4,6,0.0129943502824858,8.903979863587194e-05,0.0001390463681485,0.2621431611418843,0.0,dept14#293,
374,4,6,0.0129943502824858,0.0002833513003438,7.327782869578536e-05,0.28376321566905,0.1,dept14#374,
674,4,6,0.0129943502824858,0.0006684338010646,0.0003859205637511,0.2708924835933465,0.05,dept14#674,
141,5,6,0.0129943502824858,6.143570448028071e-05,0.0001296785143534,0.254964049197604,0.0,dept14#141,
246,5,6,0.0129943502824858,0.0001699873537947,0.0,0.2786424886257265,0.0,dept14#246,
421,5,6,0.0129943502824858,0.0004700142981533,0.0,0.246524818597216,0.0,dept14#421,
754,5,6,0.0129943502824858,0.0009168844185132,0.0007662175385481,0.2970791807403335,0.15,dept14#754,
823,5,6,0.0129943502824858,0.0002108332860213,0.0019375256439628,0.2688219677951807,0.0,dept14#823,
266,6,6,0.0129943502824858,0.069268989714637,4.299965600275198e-06,0.2676852998552434,0.05,dept14#266,
510,6,6,0.0129943502824858,1.6145194031262837e-05,0.0025814841327497,0.264996121455693,0.0,dept14#510,
739,6,6,0.0129943502824858,0.0009552146929796,0.0019124452877608,0.3176496408217013,0.05,dept14#739,
360,7,6,0.0129943502824858,0.0028025032548947,0.0001559871627479,0.2885486482031224,0.0,dept14#360,
707,7,6,0.0129943502824858,0.005266856365978,0.0008765127707032,0.3225041946804129,0.0,dept14#707,
249,8,6,0.0129943502824858,0.0002125420904413,0.002638412499044,0.2950026720212724,0.0,dept14#249,
324,8,6,0.0129943502824858,0.0002915712574732,0.0082950791455149,0.3187692518417174,0.1,dept14#324,
996,8,6,0.0129943502824858,9.243203956632236e-05,0.0046454272107901,0.2873698293952114,0.0,dept14#996,
500,9,6,0.0129943502824858,0.0133694900179549,0.0090252308689829,0.3079162131116978,0.0,dept14#500,
558,9,6,0.0129943502824858,0.0003059686220099,0.002935564274938,0.2838904637478254,0.0,dept14#558,
602,10,6,0.0129943502824858,0.0268225464504936,0.0016081403685411,0.2816173194651471,0.05,dept14#602,
833,10,6,0.0129943502824858,0.0007175241399017,0.0016650629921075,0.3362059129886621,0.0,dept14#833,
956,10,6,0.0129943502824858,0.0011305691636143,0.0004309658931516,0.2875003334049277,0.0,dept14#956,
362,11,6,0.0129943502824858,0.0259655990165961,0.0225981028368072,0.303633445639161,0.0,dept14#362,
332,12,6,0.0129943502824858,0.0931256842580715,0.0025939637563118,0.3010345859047317,0.0,dept14#332,
565,12,6,0.0129943502824858,0.001133211235725,0.0060220952384038,0.3146499672751743,0.0,dept14#565,
499,14,6,0.0129943502824858,0.0030540194138566,0.011348311708019,0.3104834399988478,0.0,dept14#499,
658,14,6,0.0129943502824858,0.0029046233671141,0.0126595279536521,0.2948652697520497,0.0,dept14#658,
720,15,6,0.0129943502824858,0.001217328684161,0.026949493089511,0.338362230976831,0.0,dept14#720,
951,15,6,0.0129943502824858,0.0005291857247465,0.0205956270616763,0.3412807192224532,0.0,dept14#951,
912,16,6,0.0129943502824858,0.3256712796128843,0.0055120643218453,0.3238239049399748,0.0,dept14#912,
161,18,6,0.0129943502824858,0.001553285425402,0.0093131271411873,0.3459430241298638,0.05,dept14#161,
267,18,6,0.0129943502824858,0.0223429543518547,0.0023760834103704,0.315591093797433,0.0,dept14#267,
502,19,6,0.0129943502824858,0.0036074410064471,0.008257694185888,0.3414647972802863,0.0,dept14#502,
700,19,6,0.0129943502824858,0.0077270024464346,0.0266058407406352,0.330415310103158,0.0,dept14#700,
569,21,6,0.0129943502824858,0.0013312163398849,0.0014455408052577,0.3118599675653452,0.0,dept14#569,
530,22,6,0.0129943502824858,0.0484205182134904,0.0074615848192898,0.343502840020429,0.0,dept14#530,
765,25,6,0.0129943502824858,0.1514939084214191,0.0313164055574828,0.3556605248076689,0.0,dept14#765,
506,36,6,0.0129943502824858,0.0004755349396251,0.0332247705229206,0.3416490740192394,0.0,dept14#506,
474,1,7,0.0151515151515151,1.4055418657072158e-06,0.0,0.2283822994796719,0.55,dept15#474,outgoing
476,1,7,0.0151515151515151,9.382269907366514e-05,0.0,0.2791339215862657,0.55,dept15#476,incoming
958,1,7,0.0151515151515151,1.1855164142276118e-124,0.0,0.0020607934054611,0.45,dept15#958,
69,2,7,0.0151515151515151,5.258513547953117e-07,0.0009809340369443,0.2298749942475129,0.55,dept15#69,outandin
972,2,7,0.0151515151515151,3.2958223027159907e-06,2.5374822975442173e-05,0.2304607696241903,0.05,dept15#972,
299,3,7,0.0151515151515151,1.2475502559911462e-05,0.0008674172481546,0.2501286978102136,0.0,dept15#299,
549,3,7,0.0151515151515151,0.0002347643357454,0.0,0.3027621875455049,0.5,dept15#549,
779,3,7,0.0151515151515151,1.3273785455439831e-05,3.955968352253183e-05,0.2557881754172326,0.05,dept15#779,
873,3,7,0.0151515151515151,0.0005762728744585,0.0,0.2890756776975574,0.0,dept15#873,
68,4,7,0.0151515151515151,0.0002725063937153,4.861827772044491e-05,0.307616974809354,0.3,dept15#68,
551,4,7,0.0151515151515151,0.0004224825223041,0.0056392940476458,0.307616974809354,0.0,dept15#551,
715,4,7,0.0151515151515151,3.584754300151449e-05,0.0,0.2576620814642453,0.0,dept15#715,
969,4,7,0.0151515151515151,0.0001229635580997,4.311432175209265e-05,0.2980582552531312,0.05,dept15#969,
187,5,7,0.0151515151515151,0.0006157820273136,0.000556915590953,0.2824969808824858,0.05,dept15#187,
67,6,7,0.0151515151515151,0.0052087116068907,0.0,0.2635619209648837,0.05,dept15#67,
418,6,7,0.0151515151515151,0.0001135116230465,0.0019372034467595,0.2631237465326894,0.0,dept15#418,
550,6,7,0.0151515151515151,0.000694015039752,0.000378053896206,0.293498254129648,0.0,dept15#550,
780,6,7,0.0151515151515151,9.649421944951618e-06,0.0105639561245445,0.2783974204739009,0.0,dept15#780,
855,6,7,0.0151515151515151,0.0001910420891936,0.0001567381084139,0.2750111790432887,0.0,dept15#855,
952,6,7,0.0151515151515151,0.0041361097439558,0.001158049918245,0.2898698416472759,0.0,dept15#952,
91,7,7,0.0151515151515151,0.0003963802895985,0.0067997569558503,0.3186088244376702,0.0,dept15#91,
184,7,7,0.0151515151515151,5.23382342628623e-05,0.0011359901782789,0.2900026267327763,0.0,dept15#184,
509,7,7,0.0151515151515151,0.0001839489426926,0.0184379604323543,0.313869972314155,0.0,dept15#509,
713,7,7,0.0151515151515151,0.0060573151543136,0.0024826971455271,0.2750111790432887,0.0,dept15#713,
190,9,7,0.0151515151515151,0.0007750709450673,0.0015273477812177,0.3115530187783714,0.0,dept15#190,
663,9,7,0.0151515151515151,0.0004855087517266,0.0005354847977761,0.3278486453431645,0.0,dept15#663,
746,9,7,0.0151515151515151,0.0010300348940462,0.0026864791597595,0.3263276980194076,0.0,dept15#746,
188,10,7,0.0151515151515151,0.0004081252663868,0.0007163249069089,0.2633426514798879,0.0,dept15#188,
582,11,7,0.0151515151515151,0.000263741637639,0.0044572186924919,0.3033424696490899,0.0,dept15#582,
710,11,7,0.0151515151515151,0.0002542661902935,0.0031999198036422,0.2962450791565983,0.0,dept15#710,
595,12,7,0.0151515151515151,0.0009905599276843,0.0271199680487139,0.3292125502639889,0.0,dept15#595,
540,21,7,0.0151515151515151,0.0008829813010065,0.0063857547836244,0.3385431733463372,0.0,dept15#540,
189,29,7,0.0151515151515151,0.0030641776074092,0.0189529008508738,0.3497655989821274,0.0,dept15#189,
124,1,8,0.0,0.0001828199872122,0.0,0.2976378627915612,0.65,dept16#124,outandin
580,1,8,0.0,3.834901050027392e-06,0.0,0.2322361460592996,0.15,dept16#580,
708,1,8,0.0,4.9543692387381034e-05,0.0,0.2587150527820395,0.65,dept16#708,
709,1,8,0.0,1.0971805890935425e-05,0.0,0.2146019437822544,0.3,dept16#709,outgoing
770,1,8,0.0,0.000520474216036,0.0,0.2544516616389271,0.35,dept16#770,
353,2,8,0.0,0.0001731531163056,0.0,0.2538395084834204,0.0,dept16#353,
404,2,8,0.0,7.203429847500357e-06,0.0007584100401022,0.2473918460952132,0.0,dept16#404,
618,2,8,0.0,0.0001969734131636,0.0002268658064397,0.2449983491322177,0.15,dept16#618,
97,3,8,0.0,1.495047077633159e-05,0.0002334136130904,0.2438658452071073,0.25,dept16#97,
323,3,8,0.0,8.862704787080016e-06,0.0,0.2621431611418843,0.1,dept16#323,
371,4,8,0.0,0.000562215711919,0.0,0.2766939397542179,0.0,dept16#371,
125,5,8,0.0,2.512863796712526e-06,7.102314610054548e-05,0.2233859330125796,0.05,dept16#125,
935,7,8,0.0,0.0010412407679952,0.0070663966936149,0.3253215488991011,0.0,dept16#935,
101,9,8,0.0,0.0005056720829787,0.0048278154762428,0.3203824565575155,0.0,dept16#101,
185,9,8,0.0,0.0033304362305802,0.000112729694226,0.3300707685910587,0.0,dept16#185,
662,10,8,0.0,0.0006087483122072,0.0007360037050439,0.285942066015199,0.0,dept16#662,
98,12,8,0.0,0.0185849881436949,0.0,0.2983391772656223,0.0,dept16#98,
687,18,8,0.0,0.0042307868025519,0.023721443112414,0.3605214887002567,0.0,dept16#687,
273,1,9,0.0079365079365079,3.71375679263877e-05,0.0,0.2517199738201394,0.45,dept17#273,outandin
448,1,9,0.0079365079365079,3.319643508331456e-05,0.0,0.2681388115873149,0.7,dept17#448,outgoing
657,1,9,0.0079365079365079,9.55844862687574e-06,0.0,0.2614934878800705,0.05,dept17#657,
660,1,9,0.0079365079365079,0.0001358272356672,0.0,0.2542472827942372,0.15,dept17#660,
735,1,9,0.0079365079365079,9.659203559736007e-05,0.0,0.2636716926937321,0.5,dept17#735,outgoing
819,1,9,0.0079365079365079,5.979234967803422e-133,0.0,0.0015455950540958,0.15,dept17#819,
45,3,9,0.0079365079365079,0.0001860607213695,8.25816020509228e-05,0.2534330400951364,0.25,dept17#45,
676,3,9,0.0079365079365079,9.625027281758351e-06,6.947180786190075e-05,0.2595636466411032,0.15,dept17#676,
794,3,9,0.0079365079365079,8.64609558284629e-05,0.0004298538672108,0.2430233144559119,0.45,dept17#794,
15,4,9,0.0079365079365079,0.000226451599845,0.0,0.2977778617862891,0.0,dept17#15,
164,4,9,0.0079365079365079,2.222932245972787e-06,0.0024729682954641,0.240530294132846,0.0,dept17#164,
796,4,9,0.0079365079365079,1.649893156981136e-05,0.0020235927047473,0.274177450912798,0.1,dept17#796,
46,5,9,0.0079365079365079,7.899620885519334e-06,0.0010383262907972,0.2645531693095072,0.05,dept17#46,
429,5,9,0.0079365079365079,0.0090034405929072,0.0,0.272877471619677,0.0,dept17#429,
447,5,9,0.0079365079365079,0.0181699423073709,0.0,0.2917399696579035,0.25,dept17#447,
592,6,9,0.0079365079365079,0.0118372358672099,0.0,0.2925488605164745,0.35,dept17#592,
933,6,9,0.0079365079365079,0.0001212330106283,0.0001096655073964,0.2597766656371156,0.05,dept17#933,
854,7,9,0.0079365079365079,0.0016145429729441,0.0050371655964077,0.2932263706149378,0.0,dept17#854,
216,8,9,0.0079365079365079,0.0002531286370377,0.0047742645743819,0.2828756631624891,0.1,dept17#216,
274,10,9,0.0079365079365079,0.000373438804546,0.0004848633192286,0.2754898756125546,0.0,dept17#274,
322,10,9,0.0079365079365079,9.61054693921812e-06,0.0111702337362937,0.2557881754172326,0.0,dept17#322,
617,10,9,0.0079365079365079,0.0029156325962377,0.0038908928497138,0.3305878507350656,0.0,dept17#617,
272,11,9,0.0079365079365079,0.0011945846499638,0.0075332473934248,0.3050967393530847,0.05,dept17#272,
838,12,9,0.0079365079365079,0.0020139212416462,0.0047068285655545,0.2948652697520497,0.0,dept17#838,
335,13,9,0.0079365079365079,0.0010973845902591,0.0208313751139891,0.3091190108191654,0.0,dept17#335,
139,18,9,0.0079365079365079,1.4141111528497525e-05,0.0247562420175998,0.2804943438890787,0.1,dept17#139,
428,21,9,0.0079365079365079,0.0257545053992446,0.0120597888227328,0.3457540874700441,0.0,dept17#428,
334,31,9,0.0079365079365079,0.0087951146246279,0.0375112872156679,0.3883900209556139,0.0,dept17#334,
767,9,10,0.0,0.0005617938545352,0.0070365987087546,0.3163796772402052,0.05,dept18#767,
235,1,11,0.0261437908496732,9.382269907366514e-05,0.0,0.2791339215862657,0.3,dept19#235,
238,1,11,0.0261437908496732,2.323992883124973e-07,0.0,0.1905706604929713,0.3,dept19#238,incoming
243,2,11,0.0261437908496732,0.000392801012834,0.0,0.2594572680973978,0.2,dept19#243,
631,2,11,0.0261437908496732,0.0015218209187843,0.0,0.2654405593952414,0.0,dept19#631,
931,2,11,0.0261437908496732,3.2958223027159907e-06,2.5374822975442173e-05,0.2304607696241903,0.3,dept19#931,
879,3,11,0.0261437908496732,3.433572482003692e-07,0.0,0.2176265844474564,0.0,dept19#879,
963,4,11,0.0261437908496732,0.0021148541905453,0.0,0.3163796772402052,0.0,dept19#963,
926,5,11,0.0261437908496732,5.638997303481267e-05,0.0031027947302274,0.2672333196106588,0.0,dept19#926,
209,6,11,0.0261437908496732,0.1039339431326696,4.299965600275198e-06,0.2816173194651471,0.05,dept19#209,
319,7,11,0.0261437908496732,0.0002471346408793,0.0027093862987832,0.2759702415682871,0.1,dept19#319,
236,8,11,0.0261437908496732,0.0005980890584417,0.0017431594842446,0.2872394438101863,0.0,dept19#236,
241,8,11,0.0261437908496732,0.000226515700582,0.0087061757497686,0.247779152312192,0.0,dept19#241,
599,8,11,0.0261437908496732,0.0002987513315487,0.0018525038467146,0.2880235369234079,0.0,dept19#599,
239,9,11,0.0261437908496732,0.0002403685918217,0.0200178857642179,0.336563388706885,0.0,dept19#239,
233,10,11,0.0261437908496732,0.0023905421428818,0.0014471554294698,0.3444372873545434,0.0,dept19#233,
977,12,11,0.0261437908496732,0.0001549749807763,0.0048153416317941,0.2973582593507048,0.0,dept19#977,
927,24,11,0.0261437908496732,0.0143147625861369,0.024056408768466,0.3423881742334509,0.3,dept19#927,
159,47,11,0.0261437908496732,0.010431784426072,0.0474457231435673,0.405298165273784,0.0,dept19#159,
340,1,12,0.0,2.4711154127456757e-05,0.0,0.2398014144536555,0.6,dept2#340,outandin
553,3,12,0.0,0.0002473337669616,8.573740500985085e-05,0.2585037705829525,0.0,dept2#553,
482,7,12,0.0,0.0002711971542762,0.000873634289718,0.3089681474659105,0.0,dept2#482,
134,10,12,0.0,0.0067578715141345,0.0004553224754351,0.3256562418506433,0.0,dept2#134,
862,12,12,0.0,0.0002229062313743,0.0179238160221377,0.3166962151864185,0.0,dept2#862,
304,1,13,0.0,4.821401320698656e-06,0.0,0.2356068977140493,0.35,dept20#304,
740,4,13,0.0,1.2467283533172546e-05,0.0002348827631413,0.2629052052149712,0.1,dept20#740,outgoing
808,4,13,0.0,0.000132255921519,4.5618723275110874e-05,0.274534143173309,0.0,dept20#808,
924,5,13,0.0,2.9418258932037583e-05,0.0,0.2838904637478254,0.0,dept20#924,
302,6,13,0.0,0.0026991744879231,0.0002902930612716,0.2878925575978402,0.1,dept20#302,
369,7,13,0.0,0.0076784516257409,0.0090227676569246,0.2748917647232526,0.0,dept20#369,
96,9,13,0.0,9.033339385868026e-06,0.007207425830685,0.2746532469230588,0.1,dept20#96,
630,16,13,0.0,0.0146375462248401,0.0073569974463582,0.3106357871234793,0.0,dept20#630,
194,1,14,0.0121457489878542,2.3125767952703138e-05,0.0,0.2538395084834204,0.75,dept21#194,incoming
195,1,14,0.0121457489878542,1.6947664061471503e-06,0.0,0.2443364469925321,0.7,dept21#195,
281,1,14,0.0121457489878542,0.0020889984957301,0.0,0.2733487625896592,0.0,dept21#281,
408,1,14,0.0121457489878542,4.3574458037333464e-05,0.0,0.2334350052203726,0.7,dept21#408,
865,1,14,0.0121457489878542,7.583173266099017e-05,0.0,0.28763095600075,0.0,dept21#865,
58,2,14,0.0121457489878542,0.0005224071668876,0.0003592811445226,0.2747724540614804,0.0,dept21#58,
587,2,14,0.0121457489878542,0.0002470222086667,0.0,0.2753700453056332,0.15,dept21#587,
774,2,14,0.0121457489878542,0.0027209973255029,0.0,0.2641116955184192,0.2,dept21#774,
880,2,14,0.0121457489878542,0.0001707011810059,0.0,0.2801220062644472,0.3,dept21#880,
901,2,14,0.0121457489878542,2.5247188944089156e-06,0.0002038883802239,0.2391672588430868,0.35,dept21#901,
137,3,14,0.0121457489878542,0.0004994572238407,0.0,0.2878925575978402,0.35,dept21#137,incoming
138,3,14,0.0121457489878542,9.281093194243991e-05,0.0014259384609404,0.2704296173249256,0.7,dept21#138,
192,3,14,0.0121457489878542,0.0001859077804181,0.0,0.2603107459529813,0.1,dept21#192,
305,3,14,0.0121457489878542,0.0112047020047851,0.0008912108762224,0.2758499930970156,0.2,dept21#305,
634,3,14,0.0121457489878542,1.3584255983634643e-05,0.0033818843382858,0.2479732605396203,0.0,dept21#634,
711,3,14,0.0121457489878542,0.0003631021988709,0.0,0.27100844784146,0.2,dept21#711,
863,3,14,0.0121457489878542,4.3780836105595984e-05,0.0001189935644319,0.2790109009068535,0.05,dept21#863,
899,3,14,0.0121457489878542,1.597254285546316e-05,0.0096284829721362,0.2359581565999443,0.25,dept21#899,outandin
4,6,14,0.0121457489878542,0.0002210999533417,0.0202857609220656,0.3091190108191654,0.0,dept21#4,
762,6,14,0.0121457489878542,0.0018832584487714,0.0024565251932537,0.3080660506849881,0.0,dept21#762,
803,6,14,0.0121457489878542,0.0005701654785813,0.0103525843999418,0.3107882838280072,0.05,dept21#803,
532,7,14,0.0121457489878542,0.0002977064337699,0.0087591370608931,0.305833687998865,0.0,dept21#532,
849,7,14,0.0121457489878542,0.0004883898538134,0.0018551754073271,0.3152767600386706,0.0,dept21#849,
56,8,14,0.0121457489878542,0.0007502560824065,0.0139441757270632,0.3497655989821274,0.0,dept21#56,
1001,8,14,0.0121457489878542,0.0001114500350833,0.0008716602893603,0.2908018990159167,0.0,dept21#1001,
685,9,14,0.0121457489878542,0.001964089348701,0.0001654619352462,0.2980582552531312,0.0,dept21#685,
921,9,14,0.0121457489878542,6.530254237321697e-05,0.0037897493445349,0.2979179925447768,0.0,dept21#921,
193,10,14,0.0121457489878542,0.0008441183363664,0.0042677699909195,0.3349607059035189,0.0,dept21#193,
670,11,14,0.0121457489878542,0.0003449233300011,0.0051391262608629,0.315591093797433,0.0,dept21#670,
633,12,14,0.0121457489878542,0.0007040904207689,0.013857621321589,0.3353155371597726,0.0,dept21#633,
622,14,14,0.0121457489878542,1.3916832216577364e-05,0.0090671273537096,0.2703141478042914,0.0,dept21#622,
648,16,14,0.0121457489878542,0.0275257112943236,0.0189897523404971,0.2977778617862891,0.0,dept21#648,
832,16,14,0.0121457489878542,6.62019797045546e-05,0.0172544286293906,0.3157484958392272,0.0,dept21#832,
2,17,14,0.0121457489878542,0.0235336477641957,0.0283198133978414,0.3387243093406371,0.0,dept21#2,
571,18,14,0.0121457489878542,0.0047769625527594,0.0140566300790091,0.3290414418698808,0.95,dept21#571,incoming
994,22,14,0.0121457489878542,0.0004800757020866,0.0316967498254931,0.3396329045910143,0.0,dept21#994,
990,23,14,0.0121457489878542,0.0059925768546564,0.0173309613882417,0.305391092213049,0.0,dept21#990,
718,24,14,0.0121457489878542,0.0068159094130466,0.0069579806714778,0.350152507830559,0.0,dept21#718,
586,45,14,0.0121457489878542,0.0718512459255359,0.054303578851489,0.3775049100522664,0.0,dept21#586,
898,2,15,0.0294117647058823,0.0003033705890701,0.0,0.3055384817363179,0.0,dept22#898,
683,3,15,0.0294117647058823,0.0003005678243286,0.0057750324212482,0.2890756776975574,0.55,dept22#683,outgoing
809,3,15,0.0294117647058823,0.0002412781981269,0.0001932184896377,0.309875542906339,0.0,dept22#809,
285,4,15,0.0294117647058823,0.000103383953413,0.0002693405803925,0.2733487625896592,0.05,dept22#285,
552,4,15,0.0294117647058823,0.0001215786938364,0.0025615773005207,0.2909355395945086,0.0,dept22#552,
867,4,15,0.0294117647058823,0.000195792612034,0.002140720312933,0.2744151426777853,0.1,dept22#867,
208,6,15,0.0294117647058823,0.0001813875269537,0.0002581509572038,0.2771785175821588,0.0,dept22#208,
988,6,15,0.0294117647058823,8.13725555820398e-05,0.0017719271270402,0.2653293102085711,0.0,dept22#988,
698,7,15,0.0294117647058823,0.0003864837801576,1.0319917440660475e-05,0.2754898756125546,0.0,dept22#698,
949,8,15,0.0294117647058823,0.0800507342590273,0.000231830690809,0.2679118637992597,0.05,dept22#949,
866,9,15,0.0294117647058823,0.001168592050163,0.0028636942649297,0.3020399495026959,0.0,dept22#866,
1004,9,15,0.0294117647058823,0.0002405705302457,0.0032296620496792,0.2973582593507048,0.0,dept22#1004,
646,12,15,0.0294117647058823,0.0011002385559228,0.0197120426480692,0.3182884535734795,0.0,dept22#646,
126,17,15,0.0294117647058823,0.0420467821194708,0.0056910082728013,0.3033424696490899,0.0,dept22#126,
469,17,15,0.0294117647058823,0.0002776763559198,0.0009459976253726,0.2696233961489143,0.0,dept22#469,
738,40,15,0.0294117647058823,0.0006571316671271,0.0338476320722743,0.3552613547461564,0.0,dept22#738,
987,69,15,0.0294117647058823,0.002767074888079,0.1455399600247329,0.3989135060854761,0.0,dept22#987,
597,1,16,0.023391812865497,4.779224313437871e-06,0.0,0.2614934878800705,0.45,dept23#597,
669,1,16,0.023391812865497,2.892389815341834e-06,0.0,0.2563059652460124,0.2,dept23#669,
495,2,16,0.023391812865497,9.61428803174549e-06,0.0001309484696247,0.2498325707015196,0.05,dept23#495,
512,2,16,0.023391812865497,7.772232958748972e-06,0.0001175344667126,0.242557752550824,0.1,dept23#512,
589,2,16,0.023391812865497,1.7314141915575487e-05,2.343782370189218e-05,0.2591386549969917,0.4,dept23#589,
730,2,16,0.023391812865497,0.0410441057576182,0.0,0.2746532469230588,0.05,dept23#730,
748,2,16,0.023391812865497,3.973630393665794e-06,0.0,0.2304607696241903,0.1,dept23#748,
465,3,16,0.023391812865497,0.0002098451709783,0.0011242161053473,0.2642219257753133,0.3,dept23#465,
695,3,16,0.023391812865497,0.0010070285086338,0.0,0.2754898756125546,0.15,dept23#695,
979,3,16,0.023391812865497,1.7926813654123716e-05,7.03246574846716e-05,0.2661100185614337,0.05,dept23#979,
230,4,16,0.023391812865497,1.52352418594102e-05,0.004525448706592,0.2721735744443898,0.25,dept23#230,
920,6,16,0.023391812865497,0.0002133255142103,0.0006055755874421,0.2905349858456405,0.0,dept23#920,
596,7,16,0.023391812865497,0.0002150416077609,0.0013820218887499,0.2855551349380472,0.25,dept23#596,
641,10,16,0.023391812865497,0.0002725070297393,0.0010401729520364,0.3001781574953299,0.1,dept23#641,
541,11,16,0.023391812865497,7.379850046262969e-05,0.0033741450114795,0.2924137340220095,0.0,dept23#541,
591,12,16,0.023391812865497,0.0042276779531303,0.0059186017263939,0.3380009258716768,0.0,dept23#591,
783,13,16,0.023391812865497,0.0001399273059616,0.0177990174727991,0.3070202396496851,0.0,dept23#783,
147,16,16,0.023391812865497,0.0012844527694822,0.0091299035530421,0.3328473891470298,0.0,dept23#147,
742,27,16,0.023391812865497,0.027527384648363,0.0094204862702808,0.3825231022100608,0.0,dept23#742,
788,4,17,0.0,1.5332237058579505e-06,0.0010505147241852,0.2433970527326608,0.1,dept24#788,
614,11,17,0.0,0.0008425403207016,0.0024046027944236,0.2878925575978402,0.0,dept24#614,
5,8,18,0.0,0.0003337334658512,0.0012137797022807,0.2937706423005339,0.0,dept25#5,
644,9,18,0.0,6.0928047413372995e-05,0.003521956070484,0.2813669929589558,0.0,dept25#644,
528,10,18,0.0,0.0033998005917654,0.0157406661415199,0.3163796772402052,0.0,dept25#528,
6,11,18,0.0,0.0002717312694509,0.0079821461707069,0.3248207974128531,0.0,dept25#6,
64,13,18,0.0,3.250210485721165e-05,0.0042767901551833,0.2699683301311943,0.3,dept25#64,
651,1,19,0.0,0.0001828199872122,0.0,0.2976378627915612,0.5,dept26#651,outandin
13,2,19,0.0,2.0709193172884248e-05,0.0,0.2662219235313922,0.0,dept26#13,
624,3,19,0.0,5.827105271131819e-05,0.0008894875617512,0.2833821549497093,0.0,dept26#624,
810,3,19,0.0,0.0002490973728305,0.0015273477812177,0.2575572555564079,0.0,dept26#810,
420,4,19,0.0,1.9324666474380545e-07,0.0009787691956789,0.2204302695534995,0.1,dept26#420,
301,5,19,0.0,9.342371684496146e-05,1.3784794699017976e-05,0.2518201010969175,0.0,dept26#301,
409,5,19,0.0,0.0001848336971944,7.90345646246211e-05,0.2722906383473766,0.0,dept26#409,
118,7,19,0.0,0.0003006851851298,0.0001185823693563,0.2969398377850144,0.0,dept26#118,
153,2,20,0.0714285714285714,1.2212527623671847e-05,6.676003734827265e-05,0.2598833063044543,0.0,dept27#153,
355,2,20,0.0714285714285714,3.2958223027159907e-06,2.5374822975442173e-05,0.2304607696241903,0.2,dept27#355,
736,2,20,0.0714285714285714,0.0002492128573788,0.0,0.3050967393530847,0.6,dept27#736,
769,4,20,0.0714285714285714,0.0006252386828759,0.008384733572569,0.3045097326395626,0.2,dept27#769,
559,6,20,0.0714285714285714,2.8584174467683953e-06,0.0015273477812177,0.2237016728472264,0.2,dept27#559,
577,18,20,0.0714285714285714,9.323093328872996e-05,0.011354450340315,0.275729849371799,0.0,dept27#577,
410,26,20,0.0714285714285714,0.0002331054318946,0.0237576658996037,0.3243215851217472,0.0,dept27#410,
454,28,20,0.0714285714285714,0.0132399521739465,0.0339447188604584,0.3592938332336269,0.0,dept27#454,
131,1,21,0.1,2.011744493322469e-05,0.0,0.2844005993520443,0.45,dept28#131,outgoing
132,2,21,0.1,1.006393417615644e-06,0.0006301154991128,0.2431166413815862,0.1,dept28#132,
737,4,21,0.1,0.0001455225475471,0.0004898760939782,0.2705451855374576,0.0,dept28#737,
807,5,21,0.1,0.0002490288303214,5.5408952701532754e-06,0.3001781574953299,0.25,dept28#807,
784,7,21,0.1,0.0003395738503439,0.0040097263392928,0.2979179925447768,0.0,dept28#784,
679,1,22,0.0,0.000410348904605,0.0,0.2631237465326894,0.25,dept29#679,
966,5,22,0.0,0.0027294506338484,0.008021147111929,0.2594572680973978,0.0,dept29#966,
716,9,22,0.0,0.0003930959160325,0.0013344479423217,0.3207070588437947,0.0,dept29#716,
671,16,22,0.0,0.027255466272079,0.0156398015895036,0.3611384678594699,0.0,dept29#671,
539,1,23,0.0,0.0006768703378258,0.0,0.2308810117278084,0.6,dept3#539,outandin
445,2,23,0.0,0.0004532750082385,0.0,0.2532302936630602,0.05,dept3#445,
497,2,23,0.0,1.4445654704783127e-06,0.0011152795500807,0.233693515746641,0.2,dept3#497,
557,4,23,0.0,0.0453329130281269,0.0002033068749567,0.2759702415682871,0.45,dept3#557,
531,7,23,0.0,0.0011239871101706,0.000141255826097,0.322339986841981,0.0,dept3#531,
78,9,23,0.0,0.0002092778332668,0.0003774289865621,0.2894722149783497,0.0,dept3#78,
483,9,23,0.0,0.0017015645726188,0.0038060502378826,0.3126299921766176,0.35,dept3#483,
77,10,23,0.0,0.1047966341988727,0.0049284737806473,0.2700835043334687,0.0,dept3#77,
581,11,23,0.0,0.0025545330410471,0.0054415082700998,0.3374604126639929,0.0,dept3#581,
701,1,24,0.0,0.0001828199872122,0.0,0.2976378627915612,0.55,dept30#701,
462,25,24,0.0,0.0054654676097353,0.0667766094077715,0.373716490057645,0.35,dept30#462,
759,1,25,0.0,0.000201919263422,0.0,0.2357823963343205,0.25,dept31#759,
471,3,25,0.0,8.200082239974717e-05,0.0,0.2900026267327763,0.1,dept31#471,
875,3,25,0.0,0.0001907952506502,0.0006255292004244,0.2986206293196465,0.65,dept31#875,incoming
253,5,25,0.0,0.0001661717917925,0.0017211341947273,0.2806186764883203,0.1,dept31#253,
886,1,26,0.0,0.0001278246661227,0.0,0.2151854976742524,0.15,dept32#886,
174,2,26,0.0,1.3933363332526416e-07,0.0,0.2188301880945906,0.45,dept32#174,
812,6,26,0.0,0.0025986923377672,0.0027166695331419,0.2758499930970156,0.0,dept32#812,
971,7,26,0.0,0.0027012099213492,0.00021727581306,0.2877616973443866,0.0,dept32#971,
991,9,26,0.0,0.0008589418236889,0.0041490944807902,0.3037791430698899,0.0,dept32#991,
175,10,26,0.0,0.0003996153815878,0.005428548710464,0.2922787322980844,0.0,dept32#175,
870,6,27,0.0,0.0002320004279,0.0067903702894373,0.293498254129648,0.0,dept33#870,
87,1,28,0.0,5.332062992502781e-05,0.0,0.2370182456599216,0.5,dept34#87,
460,1,28,0.0,6.986411749225125e-08,0.0,0.2032998504038698,0.6,dept34#460,outandin
787,2,28,0.0,0.0007001234269587,0.0,0.317172211501829,0.65,dept34#787,outandin
42,4,28,0.0,5.4184631082265853e-05,0.0002035005725689,0.249046315561625,0.1,dept34#42,
105,4,28,0.0,0.0001007049734514,0.0,0.2697382761643164,0.0,dept34#105,
16,6,28,0.0,0.0001288705096312,0.0030386942490414,0.3148064317044509,0.1,dept34#16,
561,6,28,0.0,0.0026145732760144,7.481940144478844e-06,0.2687078667901743,0.0,dept34#561,
424,9,28,0.0,0.0015090142075363,0.0082200039442394,0.2739401705571833,0.0,dept34#424,
684,31,28,0.0,0.0282275518591685,0.0208456228291137,0.3582771557202324,0.0,dept34#684,
607,43,28,0.0,0.0403085745900525,0.0289957801453795,0.3979105808659024,0.0,dept34#607,
154,2,29,0.0,3.390561437550693e-07,0.0,0.2190573474593947,0.6,dept35#154,incoming
934,4,29,0.0,1.440380300173084e-05,0.0038093654982303,0.2476822121117569,0.15,dept35#934,
954,4,29,0.0,0.0002015457897781,0.000555929514902,0.2596701124518665,0.0,dept35#954,
513,5,29,0.0,0.000438224626866,0.0026903159908822,0.2717063236728114,0.0,dept35#513,
984,6,29,0.0,0.0187799092464588,0.0007090493482316,0.2904017129163535,0.0,dept35#984,
422,9,29,0.0,0.000246484007201,0.0035346531445852,0.3050967393530847,0.05,dept35#422,
546,10,29,0.0,0.0012035990088332,0.0310523462922379,0.3524920568806518,0.1,dept35#546,
373,1,30,0.0,2.8170560393768454e-05,0.0,0.2370182456599216,0.1,dept36#373,
82,2,30,0.0,9.550102636354158e-06,0.0,0.2267463231223677,0.0,dept36#82,
283,2,30,0.0,0.0010110000104887,0.0,0.3071692062870697,1.0,dept36#283,outgoing
86,3,30,0.0,0.0001861748663362,0.0001038871689026,0.2370182456599216,0.0,dept36#86,
372,3,30,0.0,2.109923165161339e-07,2.235982112143103e-05,0.1983319969165572,0.05,dept36#372,
83,5,30,0.0,2.8657911561605947e-05,0.0041005843523868,0.293498254129648,0.05,dept36#83,
950,5,30,0.0,3.6875372618952805e-05,0.0007086181550335,0.2663339226578253,0.0,dept36#950,
62,7,30,0.0,0.0021578347602633,6.879944960440317e-06,0.3134038287909162,0.0,dept36#62,
752,9,30,0.0,0.0013558636395132,0.0065236607515563,0.3307605716602146,0.0,dept36#752,
142,12,30,0.0,0.0057912232501804,0.0037009876355856,0.3112466736271636,0.0,dept36#142,
160,13,30,0.0,0.0073354734313043,0.0133378928588415,0.3115530187783714,0.0,dept36#160,
166,14,30,0.0,0.0277803312360965,0.0084983086090329,0.3094211799402007,0.0,dept36#166,
693,21,30,0.0,0.0003860401648686,0.0214800132034527,0.2965225921113118,0.0,dept36#693,
107,33,30,0.0,0.0055056428209997,0.0153202667684228,0.3385431733463372,0.0,dept36#107,
50,1,31,0.0222222222222222,2.493412411105063e-07,0.0,0.1824951669523351,0.2,dept37#50,
217,1,31,0.0222222222222222,2.323992883124973e-07,0.0,0.1905706604929713,0.35,dept37#217,outgoing
84,3,31,0.0222222222222222,2.1918963956173688e-05,0.0027160531606153,0.2676852998552434,0.4,dept37#84,
152,3,31,0.0222222222222222,0.0004259758986216,0.000942011643385,0.2462371583654806,0.0,dept37#152,
364,4,31,0.0222222222222222,0.0002074075363658,0.0044292673069738,0.29160558920205,0.05,dept37#364,
643,4,31,0.0222222222222222,0.0001076260424613,0.0004245113553301,0.2737033005437314,0.0,dept37#643,
432,5,31,0.0222222222222222,0.0012137360774759,0.000601668541297,0.3082160341565972,0.1,dept37#432,
654,5,31,0.0222222222222222,0.000142164103059,0.0,0.2752503191989786,0.0,dept37#654,
433,10,31,0.0222222222222222,0.0004759282309492,0.0013981702116123,0.3173311950664915,0.0,dept37#433,
612,17,31,0.0222222222222222,0.0008505013398401,0.0496505198218096,0.3493795442371141,0.2,dept37#612,
405,1,32,0.0,2.127165680047344e-06,0.0,0.2113775406202506,0.15,dept38#405,outgoing
106,2,32,0.0,1.348237796136816e-06,0.0,0.2386263604062008,0.0,dept38#106,
896,2,32,0.0,3.390249675712044e-06,0.0081114551083591,0.2445251966618967,0.55,dept38#896,
773,3,32,0.0,4.3664076054219835e-05,5.159958720330238e-06,0.2553754474214,0.0,dept38#773,
828,3,32,0.0,3.310141811938523e-05,0.0,0.2766939397542179,0.15,dept38#828,
102,4,32,0.0,3.765589188870536e-05,1.1213716618167345e-05,0.2625780730641438,0.5,dept38#102,
173,5,32,0.0,0.0009577165426781,0.0081114551083591,0.2917399696579035,0.0,dept38#173,
638,9,32,0.0,0.0002519503673132,0.0138609799988858,0.3129390677991353,0.0,dept38#638,
771,10,32,0.0,0.0002253548392967,0.0122200678700032,0.2818680917888026,0.1,dept38#771,
891,19,32,0.0,0.019170764659663,0.0111491479304028,0.333548858881797,0.0,dept38#891,
268,10,33,0.0,0.0062827760247984,0.0032337336105742,0.2823709786608611,0.0,dept39#268,
203,1,34,0.010974539069359,1.800509045671285e-05,0.0,0.2885486482031224,0.85,dept4#203,outandin
440,1,34,0.010974539069359,1.675874193611821e-06,0.0,0.2174770642932499,0.05,dept4#440,
562,1,34,0.010974539069359,9.659203559736007e-05,0.0,0.2636716926937321,0.55,dept4#562,outandin
563,1,34,0.010974539069359,2.892389815341834e-06,0.0,0.2563059652460124,0.3,dept4#563,
584,1,34,0.010974539069359,1.1569559261367337e-05,0.0,0.2563059652460124,0.2,dept4#584,
706,1,34,0.010974539069359,5.124060355965857e-07,0.0,0.2278070292039045,0.1,dept4#706,
727,1,34,0.010974539069359,1.1855164142276118e-124,0.0,0.0020607934054611,0.65,dept4#727,incoming
835,1,34,0.010974539069359,3.387139094100447e-05,0.0,0.2564097748714665,0.15,dept4#835,
836,1,34,0.010974539069359,3.544804638184939e-06,0.0,0.2279710962036913,0.25,dept4#836,
292,2,34,0.010974539069359,0.000181363483532,0.0,0.2675721615205624,0.1,dept4#292,
457,2,34,0.010974539069359,8.64851703262591e-05,0.0,0.2642219257753133,0.25,dept4#457,
464,2,34,0.010974539069359,0.0004641047248806,0.0,0.3055384817363179,0.1,dept4#464,
791,2,34,0.010974539069359,3.965391778487631e-05,3.8656551768917466e-05,0.2744151426777853,0.3,dept4#791,
822,2,34,0.010974539069359,0.0001100898472581,0.002716211778035,0.2797506558363459,0.45,dept4#822,
909,2,34,0.010974539069359,1.083593932543361e-05,7.45334816542247e-05,0.25062380607983,0.0,dept4#909,
910,2,34,0.010974539069359,3.6475760500307753e-05,0.0004707792026767,0.2643322480825263,0.1,dept4#910,
95,3,34,0.010974539069359,0.0002626340221902,0.0008191472245517,0.3113997708596412,0.0,dept4#95,
206,3,34,0.010974539069359,4.402203491602801e-07,1.113895850737956e-05,0.2196654178201424,0.2,dept4#206,incoming
399,3,34,0.010974539069359,1.3755624746256154e-05,9.842208015582629e-05,0.2714732993814969,0.3,dept4#399,outgoing
413,3,34,0.010974539069359,0.0001944337978685,0.0,0.2737033005437314,0.35,dept4#413,
522,3,34,0.010974539069359,0.0007415238998748,0.0,0.2877616973443866,0.1,dept4#522,
544,3,34,0.010974539069359,0.0003697820583144,0.0009966040403072,0.3151198278534846,0.2,dept4#544,
664,3,34,0.010974539069359,0.0002097918779189,0.0030562782530356,0.257452514907544,0.0,dept4#664,
688,3,34,0.010974539069359,0.0001305126780403,0.0,0.2704296173249256,0.2,dept4#688,
732,3,34,0.010974539069359,7.765678213109351e-05,0.0,0.2587150527820395,0.0,dept4#732,
802,3,34,0.010974539069359,0.0021981855886136,6.268232971019348e-05,0.2990438045147145,0.05,dept4#802,
65,4,34,0.010974539069359,0.0006823124526791,0.0,0.3178091034927965,0.1,dept4#65,
197,4,34,0.010974539069359,0.0001367328789977,0.0057626572229942,0.3082160341565972,0.05,dept4#197,
201,4,34,0.010974539069359,0.0002289049536839,0.0006832791128867,0.2840178260016378,0.0,dept4#201,
270,4,34,0.010974539069359,1.1055058868293236e-05,3.411975667674132e-05,0.2665582038558529,0.05,dept4#270,
275,5,34,0.010974539069359,0.0007682822525154,0.0002385169010556,0.2788879886157052,0.0,dept4#275,
576,5,34,0.010974539069359,3.102729672154872e-05,0.0053608946604058,0.2941801738650793,0.15,dept4#576,
789,5,34,0.010974539069359,0.0002206807803742,0.0013577918982025,0.2997517680670695,0.0,dept4#789,
817,5,34,0.010974539069359,0.0001908848861063,0.0002613744190717,0.2576620814642453,0.0,dept4#817,
840,5,34,0.010974539069359,0.0002826928640323,0.0006323604898502,0.2945908488402283,0.0,dept4#840,
53,6,34,0.010974539069359,0.0005366317805173,8.684071554186044e-05,0.3259916241800467,0.0,dept4#53,
133,6,34,0.010974539069359,0.0208566118081721,0.004462383188631,0.2813669929589558,0.05,dept4#133,
702,6,34,0.010974539069359,4.9726247172899035e-05,0.0013479959174169,0.2799981132939632,0.0,dept4#702,
936,6,34,0.010974539069359,0.0026216160299357,2.2329645924236117e-06,0.2842728936495962,0.0,dept4#936,
940,6,34,0.010974539069359,0.0009029328405537,0.0038083188494231,0.3321488636713802,0.0,dept4#940,
290,7,34,0.010974539069359,0.0010257858421156,0.0009422847548094,0.3173311950664915,0.0,dept4#290,
291,7,34,0.010974539069359,0.0051669334480784,0.0010800968240845,0.2788879886157052,0.2,dept4#291,
401,7,34,0.010974539069359,0.016090535524464,0.0,0.2950026720212724,0.0,dept4#401,
572,7,34,0.010974539069359,0.0009489215236487,0.0011796408353898,0.3174903380931047,0.05,dept4#572,
585,7,34,0.010974539069359,0.000208241255413,0.013057575986465,0.2717063236728114,0.1,dept4#585,incoming
844,7,34,0.010974539069359,0.0009623918980856,0.0038957403836644,0.3065742054032206,0.0,dept4#844,
294,8,34,0.010974539069359,0.0113882580762378,0.0010305033887714,0.2918744740238131,0.0,dept4#294,
526,8,34,0.010974539069359,0.0054519646671384,0.0030783721812085,0.3231627024796583,0.0,dept4#526,
843,8,34,0.010974539069359,0.0007334498651927,0.0006506671626221,0.317172211501829,0.0,dept4#843,
199,9,34,0.010974539069359,0.0002340310146499,0.008629067930581,0.3360274597439759,0.05,dept4#199,
568,9,34,0.010974539069359,0.0005498546204062,0.0064369967285269,0.2782750479813849,0.05,dept4#568,
167,10,34,0.010974539069359,0.0007372028614965,0.0050205406706971,0.3218483651030252,0.0,dept4#167,
543,10,34,0.010974539069359,0.002816803812049,0.0035462888831707,0.3027621875455049,0.0,dept4#543,
790,10,34,0.010974539069359,0.0143713781614758,0.0042765611027914,0.293090617665579,0.0,dept4#790,
256,11,34,0.010974539069359,0.0478604350209117,0.0,0.2929549903552293,0.0,dept4#256,
493,11,34,0.010974539069359,0.0040427951547839,0.0006993767091034,0.293498254129648,0.0,dept4#493,
850,12,34,0.010974539069359,0.0004022416615862,0.0143291944637702,0.3530818372323763,0.0,dept4#850,
232,14,34,0.010974539069359,0.1855360575501065,0.0043240322393181,0.3100272939067829,0.0,dept4#232,
14,15,34,0.010974539069359,0.0001094990093786,0.0154272217136592,0.302184121316301,0.0,dept4#14,
176,15,34,0.010974539069359,0.0002438189207645,0.0053108728967456,0.2961065173796308,0.5,dept4#176,outgoing
207,15,34,0.010974539069359,0.0032607291978059,0.002018459174861,0.279627091059033,0.0,dept4#207,
542,15,34,0.010974539069359,0.0030778096066763,0.0176965944738844,0.3409131578662631,0.0,dept4#542,
458,17,34,0.010974539069359,0.0005672343395883,0.0030049927591797,0.2900026267327763,0.0,dept4#458,
534,17,34,0.010974539069359,0.001023975615468,0.0504447727068982,0.348035038019599,0.0,dept4#534,
280,18,34,0.010974539069359,0.0048465740745844,0.0158839397730675,0.3065742054032206,0.0,dept4#280,
200,20,34,0.010974539069359,0.0122928207884502,0.0045875301111789,0.3258238467100621,0.0,dept4#200,
450,28,34,0.010974539069359,0.0200735229895305,0.0124765885851319,0.3670004255986381,0.0,dept4#450,
168,34,34,0.010974539069359,0.5035807579983813,0.0135969459438903,0.328018515107591,0.0,dept4#168,
144,1,35,0.0,0.0016453798849101,0.0,0.2976378627915612,0.65,dept40#144,outgoing
186,4,35,0.0,0.0028456456527194,0.0,0.2744151426777853,0.45,dept40#186,
758,10,36,0.0,0.0001321728340929,0.0010038118655492,0.2588208234495709,0.0,dept41#758,
861,1,37,0.0,1.0470166604034917e-07,0.0,0.1981457696894055,0.35,dept5#861,outandin
918,3,37,0.0,0.0002389016131714,0.0001840122968531,0.2679118637992597,0.0,dept5#918,
41,5,37,0.0,1.5036120628665952e-05,0.0006610423635203,0.244147988491188,0.0,dept5#41,
196,7,37,0.0,0.0006237472800454,0.0050730502365216,0.3176496408217013,0.1,dept5#196,
908,8,37,0.0,0.0187223894972607,0.0012126691481018,0.2947279954179007,0.2,dept5#908,
955,9,37,0.0,0.0004793623795985,0.0027559545389657,0.2959680851601919,0.0,dept5#955,
776,20,37,0.0,0.0534307820270582,0.0107976232103376,0.3625863311326751,0.0,dept5#776,
453,1,38,0.0116959064327485,1.4400724814273113e-05,0.0,0.2471021600927598,0.6,dept6#453,outandin
834,1,38,0.0116959064327485,1.800509045671285e-05,0.0,0.2885486482031224,0.4,dept6#834,outandin
942,1,38,0.0116959064327485,0.0005304564362705,0.0,0.2629052052149712,0.1,dept6#942,
948,1,38,0.0116959064327485,0.0005222496239325,0.0,0.2733487625896592,0.1,dept6#948,
995,1,38,0.0116959064327485,3.544804638184939e-06,0.0,0.2279710962036913,0.65,dept6#995,outgoing
1003,1,38,0.0116959064327485,4.373911682178029e-06,0.0,0.2567217089041568,0.4,dept6#1003,incoming
117,2,38,0.0116959064327485,0.0049746316253386,0.0,0.2307127311070155,0.1,dept6#117,
745,2,38,0.0116959064327485,1.5422433475975406e-05,0.0,0.2616015430403515,0.05,dept6#745,
613,3,38,0.0116959064327485,0.0001957740003836,0.0004620440359113,0.304217075520255,0.35,dept6#613,
659,5,38,0.0116959064327485,0.0008045004630403,0.0004625779911742,0.2804943438890787,0.0,dept6#659,
939,5,38,0.0116959064327485,1.8495850244206335e-06,0.0003493721113248,0.2369295412266656,0.1,dept6#939,
435,6,38,0.0116959064327485,0.0244132545640583,0.0003232222258562,0.2961065173796308,0.0,dept6#435,
537,6,38,0.0116959064327485,0.0002298102668811,0.002472488811498,0.2786424886257265,0.0,dept6#537,
686,6,38,0.0116959064327485,0.0001634217155184,0.0007899136132637,0.28376321566905,0.05,dept6#686,
837,6,38,0.0116959064327485,0.0005418898370949,0.0037836084051288,0.309270021571886,0.05,dept6#837,
782,12,38,0.0116959064327485,0.3391000797668219,0.000426333139654,0.2926841119545311,0.0,dept6#782,
472,13,38,0.0116959064327485,0.3797910179368268,0.0062017089735298,0.319090591813332,0.0,dept6#472,
647,15,38,0.0116959064327485,0.0084080207700773,0.0105496583827049,0.3330224798304317,0.15,dept6#647,
127,16,38,0.0116959064327485,0.0017368168598595,0.0056558114380337,0.3484181255683273,0.0,dept6#127,
182,1,39,0.0094696969696969,0.0002000674317184,0.0,0.2289604825163293,0.5,dept7#182,outandin
368,1,39,0.0094696969696969,1.6159787664945248e-08,0.0,0.1935419548020943,0.45,dept7#368,
379,1,39,0.0094696969696969,7.993429841600411e-06,0.0,0.2172531688941835,0.05,dept7#379,
386,1,39,0.0094696969696969,1.7963264381086735e-06,0.0,0.215845800940215,0.55,dept7#386,incoming
394,1,39,0.0094696969696969,0.0002083319724187,0.0,0.2470057487934649,0.75,dept7#394,incoming
396,1,39,0.0094696969696969,1.8776889940133644e-06,0.0,0.24218658537018,0.6,dept7#396,outandin
398,1,39,0.0094696969696969,5.979234967803422e-133,0.0,0.0015455950540958,0.65,dept7#398,
869,1,39,0.0094696969696969,0.0002000674317184,0.0,0.2289604825163293,0.55,dept7#869,outgoing
985,1,39,0.0094696969696969,4.018353395263068e-05,0.0,0.2523219346981469,0.3,dept7#985,
393,2,39,0.0094696969696969,0.0001622384057085,0.0,0.2724078029938255,0.0,dept7#393,
397,2,39,0.0094696969696969,0.0004019462411977,0.0,0.264885244417427,0.25,dept7#397,
150,3,39,0.0094696969696969,0.0002974737042457,0.0,0.2812419965160598,0.1,dept7#150,
320,3,39,0.0094696969696969,0.0002313749969182,0.0,0.2588208234495709,0.2,dept7#320,
853,3,39,0.0094696969696969,0.000183656089514,0.0020701880659679,0.3048029533739291,0.55,dept7#853,incoming
295,4,39,0.0094696969696969,0.0001321309352911,7.991675870413378e-07,0.2715897615433936,0.0,dept7#295,
628,4,39,0.0094696969696969,0.0002832688575388,0.0015273477812177,0.2667828631089973,0.0,dept7#628,
719,4,39,0.0094696969696969,2.383562709405836e-05,0.0003157619283324,0.2804943438890787,0.05,dept7#719,
947,4,39,0.0094696969696969,0.0032505017926403,0.0,0.2878925575978402,0.0,dept7#947,
250,5,39,0.0094696969696969,0.003516907780436,0.0015290677674578,0.2748917647232526,0.0,dept7#250,
321,5,39,0.0094696969696969,0.0003039845811211,0.0066422241049422,0.2920091024712411,0.0,dept7#321,
392,5,39,0.0094696969696969,0.0015387918386786,0.0001976661682544,0.2817426498253897,0.05,dept7#392,
52,6,39,0.0094696969696969,0.0570146179644724,0.0004825392073169,0.2769360166918857,0.1,dept7#52,
103,6,39,0.0094696969696969,2.681470446337341e-05,0.0,0.2528257724271768,0.0,dept7#103,
104,6,39,0.0094696969696969,0.0098131595208482,7.739938080495356e-06,0.2714732993814969,0.05,dept7#104,
181,7,39,0.0094696969696969,0.0005547396769577,2.1499828001375992e-05,0.2921438551719661,0.0,dept7#181,
383,8,39,0.0094696969696969,0.0031970102155702,0.0026754318952461,0.3194125803015392,0.0,dept7#383,
761,8,39,0.0094696969696969,0.0002583129401894,0.0079317077345025,0.3205446755228611,0.0,dept7#761,
381,11,39,0.0094696969696969,0.0004718446222582,0.0136089919913139,0.3189298408854663,0.0,dept7#381,
388,11,39,0.0094696969696969,0.0001294111881631,0.0086296667352409,0.3202204016983564,0.0,dept7#388,
868,15,39,0.0094696969696969,0.0581212048257926,0.003215660820859,0.2986206293196465,0.0,dept7#868,
377,18,39,0.0094696969696969,0.0025974801226033,0.0118784003260196,0.3369216254165251,0.0,dept7#377,
61,26,39,0.0094696969696969,0.0067352367022396,0.0217673177087346,0.3509288992004716,0.0,dept7#61,
772,60,39,0.0094696969696969,0.0024756947158564,0.2036919008421901,0.4071226586222834,0.0,dept7#772,
652,2,40,0.0181818181818181,6.24583240118535e-05,0.0006233997208618,0.2775430662681502,0.6,dept8#652,
66,3,40,0.0181818181818181,0.000525496409514,0.0,0.2534330400951364,0.1,dept8#66,
477,3,40,0.0181818181818181,4.402203491602801e-07,1.1213716618167345e-05,0.2196654178201424,0.2,dept8#477,
478,4,40,0.0181818181818181,0.0012887275302956,0.00521324487466,0.2744151426777853,0.4,dept8#478,incoming
111,5,40,0.0181818181818181,0.0077011798825463,0.0008182037524271,0.2885486482031224,0.1,dept8#111,
143,5,40,0.0181818181818181,0.0005579540846988,0.0058810875710271,0.2901355335277959,0.0,dept8#143,
514,5,40,0.0181818181818181,3.4093501141543696e-05,0.0004844530589859,0.2739401705571833,0.0,dept8#514,
112,8,40,0.0181818181818181,0.0170649148111892,0.0005999794998647,0.2939070260713327,0.0,dept8#112,
329,9,40,0.0181818181818181,0.0002412409531041,0.0088398203057273,0.3104834399988478,0.0,dept8#329,
356,35,40,0.0181818181818181,0.3866488024429498,0.007191767044048,0.3693557375482209,0.0,dept8#356,
90,63,40,0.0181818181818181,0.0251513700583328,0.1468033943780427,0.425454122417776,0.0,dept8#90,
10,1,41,0.0095238095238095,6.9623624772888016e-06,0.0,0.2253740598638842,0.9,dept9#10,outandin
777,1,41,0.0095238095238095,3.389532812294301e-06,0.0,0.2443364469925321,0.25,dept9#777,
887,1,41,0.0095238095238095,5.979234967803422e-133,0.0,0.0015455950540958,0.35,dept9#887,
703,2,41,0.0095238095238095,7.040596284520728e-05,0.0,0.264885244417427,0.0,dept9#703,
945,2,41,0.0095238095238095,1.0354596586442124e-05,1.544711451832195e-05,0.2662219235313922,0.55,dept9#945,incoming
975,2,41,0.0095238095238095,0.0003942074746639,0.000305020484429,0.2656633378756402,0.45,dept9#975,incoming
524,3,41,0.0095238095238095,4.402203491602801e-07,1.113895850737956e-05,0.2196654178201424,0.55,dept9#524,incoming
858,3,41,0.0095238095238095,0.0005609088291805,0.0,0.2626870266214318,0.1,dept9#858,
327,4,41,0.0095238095238095,5.936508734266883e-05,0.000734479544077,0.2799981132939632,0.0,dept9#327,
723,4,41,0.0095238095238095,2.382873697343427e-05,0.0,0.2297081763997281,0.0,dept9#723,
885,4,41,0.0095238095238095,0.001096528879999,0.0036368119937753,0.274534143173309,0.0,dept9#885,
535,5,41,0.0095238095238095,0.0006604806672064,0.0021170931848113,0.3070202396496851,0.0,dept9#535,
72,6,41,0.0095238095238095,0.0007680130501476,0.0025156892107324,0.3186088244376702,0.6,dept9#72,
538,7,41,0.0095238095238095,0.0002403454175576,0.0005083840498211,0.2854263905129173,0.0,dept9#538,
890,8,41,0.0095238095238095,0.0012891778819939,0.0019560888013475,0.3256562418506433,0.0,dept9#890,
881,10,41,0.0095238095238095,0.0002601877590044,0.0091091467432729,0.3048029533739291,0.0,dept9#881,
92,12,41,0.0095238095238095,0.0050569155856428,0.0043232186043026,0.3040709578086699,0.0,dept9#92,
306,13,41,0.0095238095238095,0.0062288773063367,0.004052377077097,0.3420182248285525,0.0,dept9#306,
260,17,41,0.0095238095238095,0.1933723369406798,0.0020162269058676,0.2849125716281056,0.0,dept9#260,
416,29,41,0.0095238095238095,0.1249928861072019,0.0124063692499816,0.3530818372323763,0.0,dept9#416,
923,33,41,0.0095238095238095,0.0043016480085827,0.0264252798509961,0.3886284433134749,0.0,dept9#923,
