source,target,type
0,32,outgoing
0,118,outandin
0,470,outandin
0,569,
0,605,outgoing
0,732,
0,752,outandin
0,790,outandin
32,19,outgoing
32,24,outandin
32,143,
32,170,outgoing
32,197,outgoing
32,214,outandin
32,236,outgoing
32,249,outgoing
32,280,
32,293,outgoing
32,365,outgoing
32,380,outgoing
32,381,outgoing
32,418,outgoing
32,432,outgoing
32,433,outandin
32,569,incoming
32,580,outgoing
32,718,
32,777,outgoing
32,791,outgoing
32,843,outgoing
32,862,
32,977,
118,14,outandin
118,107,outandin
118,365,outandin
118,553,outandin
118,732,incoming
470,6,
470,189,outgoing
470,193,outandin
470,410,outandin
470,502,outandin
470,550,outandin
470,569,
470,605,outgoing
470,789,
569,6,
569,65,incoming
569,78,
569,90,incoming
569,127,
569,159,incoming
569,228,
569,249,
569,280,outandin
569,290,outandin
569,295,
569,333,
569,409,
569,415,
569,482,
569,502,
569,530,outandin
569,538,
569,599,
569,605,
569,693,
569,710,
569,749,outgoing
569,767,incoming
569,772,outandin
569,847,outandin
569,862,
569,951,
569,976,
569,990,outandin
569,991,
605,228,
605,249,outgoing
605,333,outgoing
605,377,
605,502,outgoing
605,506,outgoing
605,710,outgoing
605,789,
605,862,outgoing
605,921,
732,6,outandin
752,75,outandin
752,120,
752,191,outgoing
752,193,outandin
752,233,outandin
752,318,outandin
752,415,outandin
752,416,incoming
752,612,outandin
752,808,outandin
752,927,incoming
790,2,
790,48,outandin
790,52,outgoing
790,119,outandin
790,126,
790,149,outandin
790,168,
790,294,outgoing
790,306,outandin
790,388,outandin
790,465,outandin
790,516,
790,519,outandin
790,532,outgoing
790,630,outandin
790,662,outandin
790,664,outandin
790,700,
790,761,outgoing
790,812,
790,823,outgoing
790,956,
1,303,outandin
1,309,
1,310,outandin
1,324,incoming
1,548,outandin
303,46,outandin
303,69,outandin
303,103,
303,223,outandin
303,310,outandin
303,343,outgoing
303,399,outandin
303,514,outandin
303,663,
303,780,outandin
303,788,outandin
303,853,outandin
303,950,
303,1001,outandin
309,38,incoming
309,939,outandin
310,103,outgoing
310,322,incoming
310,368,outandin
310,462,outandin
310,586,
310,735,outandin
324,38,incoming
324,75,outandin
324,125,
324,139,outgoing
324,369,outandin
324,388,
324,477,incoming
324,534,
324,591,
324,612,incoming
324,638,
324,676,incoming
324,951,outandin
548,42,outgoing
548,46,outandin
548,164,
548,299,outandin
548,322,incoming
548,368,outandin
548,399,outandin
548,420,outgoing
548,638,incoming
548,853,outgoing
548,879,
2,61,incoming
2,77,
2,135,incoming
2,231,
2,344,outandin
2,499,outandin
2,532,outgoing
2,540,outandin
2,664,outandin
2,700,
2,715,outandin
2,840,outandin
2,846,outandin
61,6,outandin
61,16,outandin
61,19,outandin
61,53,outandin
61,75,outandin
61,120,outandin
61,127,outandin
61,189,outandin
61,193,outandin
61,233,outandin
61,272,outgoing
61,293,outandin
61,306,outgoing
61,334,outgoing
61,338,outandin
61,365,outandin
61,377,incoming
61,398,outandin
61,443,outgoing
61,450,
61,517,outandin
61,522,outgoing
61,534,outandin
61,602,outgoing
61,607,incoming
61,662,outgoing
61,687,incoming
61,692,outgoing
61,700,outandin
61,711,outandin
61,716,outandin
61,718,
61,724,outandin
61,742,outgoing
61,754,outandin
61,772,outandin
61,802,outgoing
61,843,outandin
61,900,
61,926,outgoing
61,991,
77,168,
77,260,
77,294,outandin
77,356,outgoing
77,369,incoming
77,439,
77,556,
77,575,
77,782,outandin
77,912,
135,4,
135,5,outandin
135,65,
135,75,outgoing
135,82,
135,159,outgoing
135,248,outandin
135,290,outandin
135,292,
135,341,outandin
135,362,outandin
135,364,outandin
135,371,
135,405,
135,450,outandin
135,462,outandin
135,502,outandin
135,528,outandin
135,530,outandin
135,531,incoming
135,534,outandin
135,581,
135,594,outandin
135,607,incoming
135,628,
135,692,outgoing
135,703,
135,718,outandin
135,720,
135,742,outgoing
135,765,outandin
135,772,outgoing
135,812,
135,834,outandin
135,851,incoming
135,870,
135,915,outandin
135,920,outandin
135,922,incoming
135,923,outandin
135,936,
135,942,
135,973,outandin
135,980,outandin
231,170,outandin
231,245,
231,540,
231,582,outandin
231,607,
231,624,outgoing
231,698,
231,736,outandin
231,738,
231,819,outandin
231,873,outgoing
231,923,outandin
231,987,
344,67,
344,165,
344,200,
344,373,outgoing
344,543,
344,838,outandin
344,857,outandin
344,915,incoming
499,65,outandin
499,73,
499,120,incoming
499,193,outandin
499,290,outandin
499,321,
499,454,outandin
499,458,outgoing
499,558,
499,565,
499,679,
499,684,
499,704,outgoing
499,844,
499,956,
532,5,
532,13,incoming
532,29,outandin
532,175,outandin
532,335,
532,381,outgoing
532,437,outgoing
532,506,incoming
532,516,
532,650,outgoing
532,670,
532,700,outgoing
532,738,
532,761,outgoing
532,804,incoming
532,828,outandin
532,850,outgoing
532,881,outgoing
540,214,outandin
540,245,outgoing
540,290,outandin
540,311,
540,364,outgoing
540,483,outandin
540,697,
540,698,
540,736,incoming
540,830,incoming
540,840,
540,855,
540,925,
540,951,outandin
540,955,
540,987,
664,107,outandin
664,335,outgoing
700,112,incoming
700,151,outandin
700,189,outandin
700,267,outandin
700,277,incoming
700,444,outandin
700,528,outandin
700,599,outandin
700,705,outandin
700,761,outandin
700,812,
700,857,outandin
700,881,outgoing
700,988,outandin
715,308,outandin
715,347,outandin
715,926,outgoing
715,933,outandin
840,318,incoming
840,698,
840,764,
840,987,outgoing
846,280,outgoing
846,493,outandin
846,561,
846,629,
4,304,outgoing
4,362,outandin
4,371,incoming
4,405,outandin
4,456,outandin
4,720,incoming
304,456,outandin
362,168,outandin
362,216,outgoing
362,369,outandin
362,383,
362,514,outandin
362,585,outandin
362,613,outandin
362,672,outandin
362,922,outandin
362,953,outandin
362,990,outandin
371,214,
371,456,
371,528,outgoing
371,585,incoming
371,720,outgoing
405,581,outandin
456,97,incoming
456,720,
456,832,outandin
456,936,
720,12,outandin
720,65,incoming
720,75,outandin
720,82,outgoing
720,90,outandin
720,159,outandin
720,170,outandin
720,193,outandin
720,214,
720,290,outandin
720,326,outandin
720,581,outgoing
720,587,
720,617,
720,628,outgoing
720,680,
720,731,
720,772,outandin
720,833,
720,855,
720,870,outgoing
720,942,
5,78,outandin
5,107,outandin
5,175,outgoing
5,246,outgoing
5,275,incoming
5,335,outgoing
5,491,
5,506,outgoing
5,553,
5,724,outgoing
5,980,outandin
78,275,outandin
78,688,outandin
78,710,outandin
78,951,outgoing
107,29,outandin
107,65,incoming
107,90,incoming
107,98,
107,120,incoming
107,127,
107,175,outandin
107,201,
107,208,outandin
107,236,outgoing
107,290,outandin
107,320,outandin
107,335,
107,381,
107,383,outandin
107,464,outandin
107,465,outandin
107,468,outandin
107,537,outgoing
107,553,
107,643,outandin
107,670,outandin
107,688,outandin
107,713,
107,772,incoming
107,808,incoming
107,810,outgoing
107,898,outgoing
107,980,
107,985,outandin
107,1004,outandin
175,275,
175,423,
175,650,
175,670,incoming
175,710,outandin
175,737,
175,849,
246,101,
246,377,
246,423,
246,724,
275,327,
275,599,outandin
275,849,
335,192,outgoing
335,381,outgoing
335,440,
335,553,outgoing
335,643,outgoing
335,810,outgoing
335,1004,outgoing
491,461,outandin
491,497,outgoing
491,506,outgoing
491,724,outandin
491,977,incoming
491,1001,outandin
506,6,
506,13,incoming
506,14,
506,16,outandin
506,29,outgoing
506,90,outgoing
506,114,outandin
506,131,incoming
506,158,outandin
506,173,
506,189,outgoing
506,199,
506,208,outandin
506,226,outgoing
506,236,outandin
506,248,
506,249,outgoing
506,251,outandin
506,270,incoming
506,320,outandin
506,327,incoming
506,364,incoming
506,377,outgoing
506,381,outgoing
506,409,outgoing
506,414,outandin
506,437,incoming
506,440,outgoing
506,442,outandin
506,508,incoming
506,516,incoming
506,541,
506,576,incoming
506,643,outandin
506,644,
506,650,incoming
506,653,incoming
506,654,incoming
506,657,
506,670,outgoing
506,682,
506,702,
506,719,
506,738,
506,745,incoming
506,747,incoming
506,761,incoming
506,783,
506,796,outgoing
506,808,outandin
506,837,incoming
506,850,
506,881,incoming
506,921,
506,923,incoming
506,924,
506,945,incoming
506,951,outgoing
506,979,incoming
506,996,
506,1001,
506,1004,outandin
553,29,outandin
553,290,outandin
553,464,outandin
553,670,outgoing
553,808,outandin
553,898,outandin
724,14,outgoing
724,29,outandin
724,31,outandin
724,53,incoming
724,114,outandin
724,122,outandin
724,127,outgoing
724,181,outandin
724,184,outgoing
724,189,incoming
724,201,outgoing
724,281,outandin
724,293,
724,502,outandin
724,538,outandin
724,670,outandin
724,685,
724,718,
724,777,outandin
724,843,outgoing
724,916,outandin
724,921,
724,1001,
980,127,outandin
980,201,outandin
980,528,outandin
980,716,incoming
980,718,
980,772,outandin
6,159,outandin
6,189,outgoing
6,249,
6,410,outgoing
6,670,outandin
159,38,outandin
159,40,
159,53,incoming
159,62,
159,116,incoming
159,142,outgoing
159,143,outgoing
159,160,outandin
159,161,outandin
159,190,incoming
159,193,outgoing
159,209,outgoing
159,214,
159,278,incoming
159,290,
159,307,outandin
159,334,
159,377,outandin
159,416,
159,450,outgoing
159,500,
159,517,outandin
159,535,outandin
159,572,outgoing
159,578,outandin
159,586,incoming
159,595,incoming
159,609,incoming
159,629,
159,647,outandin
159,671,incoming
159,695,outgoing
159,703,outandin
159,704,outandin
159,712,outgoing
159,713,outgoing
159,716,outandin
159,742,
159,772,outandin
159,776,
159,783,incoming
159,865,incoming
159,920,
159,923,
159,940,
159,987,outgoing
189,114,outgoing
189,201,outgoing
189,214,outgoing
189,236,outgoing
189,239,outandin
189,249,outgoing
189,281,outgoing
189,365,outgoing
189,377,outandin
189,410,outgoing
189,462,outandin
189,595,outgoing
189,652,outgoing
189,716,
189,718,
189,772,outgoing
189,866,outandin
189,904,outgoing
189,969,
189,977,
189,1004,
249,410,outandin
249,716,incoming
249,921,
249,1004,incoming
410,14,outgoing
410,16,
410,38,outandin
410,56,outandin
410,114,outandin
410,201,outandin
410,236,outgoing
410,365,outandin
410,595,outgoing
410,652,outgoing
410,663,outandin
410,716,outandin
410,718,outgoing
410,719,
410,904,outandin
410,923,outandin
410,969,
410,977,outgoing
410,1004,outandin
670,157,outandin
670,223,outandin
670,248,outandin
670,334,outandin
670,449,outandin
670,450,outandin
670,462,incoming
670,517,outandin
670,542,outandin
670,591,outandin
670,643,outgoing
670,687,outandin
670,692,outandin
670,718,outandin
670,742,outandin
670,783,outgoing
670,851,outandin
670,923,outandin
8,731,
731,12,incoming
731,15,
731,65,outandin
731,92,incoming
731,239,outandin
731,280,outgoing
731,284,
731,290,outandin
731,377,outandin
731,381,outandin
731,406,outgoing
731,422,
731,520,outandin
731,584,
731,587,outandin
731,658,outandin
731,680,
731,696,outandin
731,772,outandin
731,789,outgoing
731,809,outandin
731,870,outgoing
731,890,outandin
9,166,outandin
166,30,
166,53,outandin
166,120,outandin
166,126,outgoing
166,168,outgoing
166,232,outandin
166,240,outandin
166,356,
166,416,outgoing
166,500,
166,573,
166,586,
166,648,outandin
166,743,outandin
166,759,outgoing
166,762,outgoing
166,868,outgoing
12,406,outgoing
12,680,
406,15,
406,422,
406,527,incoming
680,15,
680,284,
680,422,outgoing
680,707,
13,437,outandin
13,516,
13,682,outandin
13,704,outandin
13,719,outandin
13,738,
13,743,outandin
13,783,outandin
13,837,outgoing
13,850,outgoing
13,923,outandin
437,516,outandin
437,650,outandin
437,738,
437,850,outgoing
516,650,outandin
516,738,
516,761,
516,783,outgoing
516,828,outandin
516,850,outgoing
516,881,incoming
682,650,incoming
682,654,
682,719,outgoing
682,738,
682,783,
682,850,outgoing
682,924,
704,48,outgoing
704,73,outandin
704,214,outandin
704,318,incoming
704,458,outgoing
704,684,
704,743,
704,844,incoming
719,14,
719,158,outandin
719,738,
719,837,outgoing
719,850,outgoing
719,923,outandin
738,14,
738,131,
738,173,
738,197,incoming
738,199,
738,214,
738,270,
738,327,
738,433,outgoing
738,508,
738,541,
738,576,
738,644,
738,650,
738,653,
738,654,
738,657,
738,702,
738,745,
738,747,
738,761,
738,783,
738,837,
738,850,
738,881,
738,921,
738,923,
738,924,
738,945,outgoing
738,951,outgoing
738,979,
738,996,
738,1001,
743,62,outgoing
743,65,outandin
743,120,
743,157,outandin
743,214,
743,290,outandin
743,305,outgoing
743,333,outgoing
743,356,
743,472,
743,517,outandin
743,528,outandin
743,542,outandin
743,550,outgoing
743,586,outandin
743,602,
743,684,outandin
743,762,outandin
743,765,outgoing
743,859,outgoing
743,868,outgoing
743,912,incoming
783,14,outandin
783,65,outandin
783,75,outandin
783,120,outgoing
783,208,outandin
783,290,outandin
783,462,incoming
783,650,incoming
783,654,
783,761,
783,772,outgoing
783,837,outandin
783,850,outgoing
783,923,outandin
837,122,outgoing
837,850,outgoing
837,923,outandin
837,924,outgoing
850,14,outgoing
850,65,
850,75,
850,90,
850,120,incoming
850,131,outgoing
850,134,outgoing
850,173,outgoing
850,196,
850,197,outgoing
850,199,outgoing
850,270,outgoing
850,290,outandin
850,327,outgoing
850,541,outgoing
850,576,outgoing
850,644,outgoing
850,650,outgoing
850,654,outgoing
850,657,outgoing
850,702,outgoing
850,745,outgoing
850,747,outandin
850,761,outgoing
850,772,outandin
850,804,outandin
850,881,outgoing
850,921,outgoing
850,923,outandin
850,924,outgoing
850,945,outgoing
850,967,outandin
850,979,outgoing
850,996,outgoing
850,1001,outgoing
923,14,outandin
923,39,outandin
923,53,outandin
923,90,outandin
923,120,outgoing
923,193,
923,197,outgoing
923,199,outandin
923,214,
923,235,outgoing
923,239,outandin
923,270,outandin
923,334,outgoing
923,462,incoming
923,476,outandin
923,500,outgoing
923,541,outandin
923,591,outgoing
923,609,
923,633,
923,644,outandin
923,650,outandin
923,687,outgoing
923,707,outgoing
923,772,outgoing
923,875,outandin
923,880,outgoing
923,890,outgoing
923,910,outgoing
923,921,outgoing
923,924,outandin
923,951,outandin
923,979,outandin
923,996,outandin
923,1001,outandin
14,199,outgoing
14,270,outandin
14,365,outandin
14,381,outandin
14,541,outandin
14,576,outandin
14,702,outgoing
14,796,outgoing
14,921,
14,924,
14,945,outandin
199,644,outgoing
199,924,
199,979,outandin
270,945,outandin
381,29,outgoing
381,236,outgoing
381,327,
381,921,outgoing
541,16,
541,173,
541,586,incoming
541,657,
541,921,
541,951,outgoing
541,977,
576,502,outandin
702,327,incoming
702,644,outgoing
702,842,
702,921,incoming
702,924,
702,1001,outandin
796,921,
796,977,outgoing
921,327,outandin
921,643,outgoing
921,808,outandin
921,881,
921,1004,
924,122,outgoing
924,173,
924,644,
924,1001,
945,462,outandin
15,422,
422,377,incoming
16,19,outgoing
16,149,outandin
16,716,outandin
16,843,outgoing
16,970,outandin
19,716,outandin
19,862,outandin
149,716,
149,977,outandin
716,31,outgoing
716,167,incoming
716,428,incoming
716,718,
716,777,outandin
716,866,incoming
716,1004,incoming
843,90,outandin
843,193,outandin
843,718,incoming
843,883,outandin
17,200,incoming
17,428,outgoing
17,857,
17,915,
200,31,incoming
200,92,incoming
200,136,
200,142,incoming
200,165,
200,302,incoming
200,428,
200,543,
200,647,incoming
200,696,outgoing
200,857,incoming
200,915,
200,952,
200,953,incoming
200,971,
200,990,incoming
428,31,
428,122,
428,136,
428,165,
428,207,
428,302,
428,543,
428,647,
428,838,outgoing
428,847,outandin
428,857,
428,915,
428,990,
857,31,outandin
857,90,outandin
857,92,outandin
857,136,outgoing
857,142,
857,165,
857,193,outgoing
857,267,outandin
857,302,outandin
857,528,outandin
857,543,outandin
857,647,outgoing
857,838,incoming
857,847,outandin
857,915,
857,951,outandin
857,952,outandin
857,953,outandin
857,971,outandin
857,990,outandin
915,31,incoming
915,65,
915,90,outgoing
915,92,
915,136,
915,142,
915,165,incoming
915,280,
915,281,outandin
915,290,outandin
915,302,incoming
915,316,
915,530,incoming
915,543,incoming
915,591,
915,607,
915,630,outgoing
915,647,
915,687,
915,692,outandin
915,696,outandin
915,739,incoming
915,772,outgoing
915,851,
915,890,outandin
915,920,
915,952,
915,953,incoming
915,971,
915,990,incoming
862,495,
862,502,outandin
862,538,outgoing
862,580,outgoing
862,585,outandin
862,976,outandin
23,586,outandin
586,58,incoming
586,120,incoming
586,126,outgoing
586,160,incoming
586,161,incoming
586,165,incoming
586,168,
586,196,outandin
586,214,outandin
586,264,incoming
586,267,
586,294,
586,334,incoming
586,356,
586,416,
586,447,
586,462,outandin
586,479,incoming
586,500,incoming
586,535,outandin
586,573,
586,648,outandin
586,687,
586,762,
586,765,outandin
586,803,outgoing
586,868,incoming
586,912,
586,947,incoming
586,948,incoming
586,984,
24,136,
24,280,
24,526,outandin
24,530,
24,629,
24,630,outgoing
24,647,
24,656,outandin
24,891,
136,629,
136,838,outandin
136,847,outandin
136,990,outandin
280,65,outandin
280,90,outgoing
280,141,outgoing
280,188,
280,281,outandin
280,290,outandin
280,360,
280,526,
280,528,outandin
280,530,
280,547,
280,561,
280,629,
280,631,
280,647,
280,658,
280,687,outandin
280,739,outandin
280,851,
280,920,
526,160,incoming
526,360,outgoing
526,383,incoming
526,530,
526,561,outgoing
526,629,
526,631,outandin
526,685,outandin
526,891,outandin
530,65,
530,120,outgoing
530,160,
530,214,
530,248,incoming
530,290,outandin
530,360,outandin
530,377,outandin
530,493,outandin
530,561,outandin
530,629,
530,630,
530,631,outgoing
530,685,outgoing
530,891,
629,53,outandin
629,120,incoming
629,160,
629,190,outgoing
629,202,
629,214,
629,290,
629,360,
629,493,
629,546,outandin
629,561,
629,607,incoming
629,630,
629,631,
629,658,
629,685,
629,772,incoming
629,838,outandin
629,858,outandin
629,890,incoming
629,891,
629,894,
629,927,outgoing
629,978,outgoing
630,142,outgoing
630,241,incoming
630,377,
630,415,
630,421,outgoing
630,424,outandin
630,469,
630,493,
630,656,incoming
630,685,outgoing
630,891,outgoing
630,920,
647,92,
647,207,incoming
647,214,outandin
647,264,outandin
647,274,outandin
647,631,outgoing
647,658,incoming
647,847,outgoing
647,953,outgoing
656,188,outandin
656,190,
656,207,outandin
656,552,outandin
656,920,outandin
891,65,outandin
891,160,incoming
891,190,
891,214,outgoing
891,267,outgoing
891,290,outandin
891,353,
891,414,
25,48,outgoing
25,73,outandin
25,216,outgoing
25,319,outgoing
25,458,
25,589,outandin
25,684,outgoing
48,41,outandin
48,73,outandin
48,216,outgoing
48,319,outgoing
48,458,
48,558,
48,565,outgoing
48,672,outgoing
48,684,
48,758,outandin
48,844,outandin
48,918,outgoing
48,956,
73,41,outgoing
73,216,outandin
73,318,outandin
73,319,outandin
73,321,outandin
73,366,outandin
73,434,outandin
73,458,outgoing
73,481,outandin
73,558,outandin
73,565,outandin
73,618,outandin
73,672,outandin
73,679,outandin
73,684,outandin
73,723,outandin
73,758,outandin
73,918,outandin
73,956,outandin
216,319,outgoing
216,321,
216,558,outgoing
319,423,
319,458,incoming
319,558,outgoing
319,723,outandin
319,956,outgoing
458,558,
458,684,outgoing
458,844,outgoing
589,290,outgoing
589,383,outgoing
684,120,outandin
684,214,
684,290,outandin
684,318,
684,321,outgoing
684,356,incoming
684,565,
684,571,outandin
684,607,outandin
684,679,outgoing
684,692,outandin
684,844,
684,918,outgoing
26,40,outgoing
26,712,outandin
26,802,outandin
40,60,outandin
40,187,outgoing
40,198,outgoing
40,254,outandin
40,272,
40,290,incoming
40,334,outandin
40,450,
40,454,outandin
40,466,incoming
40,488,outgoing
40,568,outgoing
40,572,outgoing
40,587,outandin
40,596,outgoing
40,607,incoming
40,662,incoming
40,695,outandin
40,703,outandin
40,712,
40,772,outandin
40,802,outandin
40,900,incoming
40,947,outandin
712,60,outandin
712,187,outandin
712,198,outandin
712,214,outgoing
712,272,outgoing
712,379,outandin
712,380,
712,398,
712,450,
712,466,outandin
712,488,outandin
712,568,
712,572,outandin
712,596,outandin
712,662,outandin
712,695,outandin
712,714,incoming
712,802,outandin
712,900,outandin
712,942,outgoing
712,947,outandin
802,60,outandin
802,75,outandin
802,187,outandin
802,198,outandin
802,272,outandin
802,379,outandin
802,450,incoming
802,466,outandin
802,488,outandin
802,568,outandin
802,572,outgoing
802,596,outandin
802,662,incoming
802,695,outandin
802,900,outandin
802,947,outandin
27,147,
27,308,outandin
27,926,outandin
147,120,outandin
147,150,outgoing
147,171,
147,196,
147,230,
147,277,
147,278,outandin
147,285,
147,290,outandin
147,308,
147,347,
147,416,
147,577,
147,590,
147,686,
147,926,
147,927,
147,933,
147,972,
308,157,outandin
308,171,outandin
308,230,outandin
308,255,outandin
308,277,outandin
308,285,outandin
308,347,outgoing
308,355,outandin
308,418,outgoing
308,577,outandin
308,590,outandin
308,686,outandin
308,748,outgoing
308,926,
308,931,outandin
308,933,outandin
308,972,outandin
926,53,outandin
926,157,outgoing
926,171,outandin
926,230,outandin
926,255,outandin
926,277,outandin
926,347,outandin
926,577,outandin
926,590,outgoing
926,686,outandin
926,748,
926,877,outandin
926,931,outandin
926,933,incoming
926,972,outandin
28,987,outgoing
987,56,
987,68,outgoing
987,95,outgoing
987,185,outandin
987,197,outgoing
987,214,
987,245,outgoing
987,251,outgoing
987,257,outandin
987,290,outandin
987,311,outgoing
987,338,
987,361,
987,364,outgoing
987,432,outgoing
987,433,outgoing
987,482,
987,511,outgoing
987,531,
987,582,outgoing
987,588,outgoing
987,641,outgoing
987,764,outgoing
987,772,outandin
987,789,
987,809,
987,849,
987,872,outgoing
987,873,outgoing
987,955,
987,994,outgoing
29,192,outgoing
192,215,outandin
192,639,outandin
30,104,
30,112,outandin
30,168,
30,313,
30,356,
30,472,incoming
30,517,outandin
30,765,
30,868,outgoing
30,912,outgoing
30,942,incoming
104,648,outgoing
104,765,
112,187,outgoing
112,267,outgoing
112,356,outgoing
112,392,outgoing
112,517,outgoing
112,646,outandin
112,648,outandin
112,662,incoming
112,674,
112,803,incoming
112,948,outandin
168,52,
168,133,
168,232,
168,260,
168,347,outandin
168,356,
168,416,
168,472,
168,557,
168,575,
168,607,
168,868,
168,885,
168,912,
168,966,outgoing
313,256,
313,294,
313,356,outgoing
313,416,
313,447,outandin
313,472,outgoing
313,765,
313,984,outandin
356,52,outgoing
356,65,incoming
356,126,
356,209,
356,256,
356,290,outandin
356,305,outgoing
356,416,
356,462,outandin
356,472,
356,500,
356,517,outgoing
356,528,outgoing
356,591,outandin
356,602,
356,617,outandin
356,648,outgoing
356,687,outandin
356,718,outgoing
356,762,
356,765,
356,782,outandin
356,868,
356,912,
472,52,outgoing
472,256,outgoing
472,305,outandin
472,575,
472,602,outgoing
472,859,outandin
472,868,outgoing
472,912,
517,65,outandin
517,120,outandin
517,290,outandin
517,459,
517,462,incoming
517,692,outandin
517,803,outgoing
765,52,outgoing
765,120,outgoing
765,133,outgoing
765,209,
765,214,
765,232,outandin
765,256,outandin
765,294,outandin
765,416,outgoing
765,602,outgoing
765,648,outgoing
765,762,
765,859,outgoing
765,868,
765,942,
868,52,outgoing
868,416,
868,447,incoming
868,573,incoming
868,759,outandin
868,912,
912,52,outgoing
912,193,outandin
912,214,
912,232,outgoing
912,260,
912,416,outgoing
912,557,outgoing
912,575,outandin
912,772,outandin
942,292,outandin
31,165,
31,847,outgoing
31,990,outgoing
165,67,
165,75,incoming
165,141,outandin
165,207,outgoing
165,264,outandin
165,267,outgoing
165,316,
165,401,
165,847,outgoing
165,990,
847,92,
847,142,outgoing
847,207,outgoing
847,302,outandin
847,408,outandin
847,424,outgoing
847,482,outgoing
847,952,outandin
847,953,outandin
847,954,outandin
990,424,outgoing
143,563,incoming
143,580,outgoing
143,658,incoming
143,739,outandin
143,872,outgoing
170,360,outandin
170,581,outandin
170,855,incoming
197,607,outandin
214,62,incoming
214,127,outandin
214,161,outandin
214,220,
214,290,
214,316,outandin
214,334,
214,450,outandin
214,500,outandin
214,502,outgoing
214,515,outgoing
214,531,outandin
214,544,
214,595,incoming
214,609,incoming
214,687,outandin
214,692,outandin
214,707,
214,746,incoming
214,772,outandin
214,776,
214,835,
214,844,
214,852,
214,865,
214,890,outandin
214,920,
214,935,outgoing
214,940,
214,951,outgoing
236,90,outgoing
236,114,outandin
236,208,
236,537,
293,718,outgoing
380,440,outgoing
418,105,
418,331,outandin
418,977,
432,881,outandin
433,338,
433,789,outgoing
580,184,outandin
718,65,incoming
718,122,outgoing
718,127,outgoing
718,157,incoming
718,243,outandin
718,248,outandin
718,290,outandin
718,377,
718,450,outandin
718,462,incoming
718,502,
718,542,outandin
718,591,
718,595,
718,681,incoming
718,687,outandin
718,692,outandin
718,708,incoming
718,711,incoming
718,749,outgoing
718,754,
718,772,outgoing
718,777,outgoing
718,866,
718,904,
777,994,outandin
977,153,
977,208,outgoing
977,423,
977,497,
977,644,
977,650,outgoing
977,969,
977,1001,
977,1004,
34,581,outandin
34,855,
34,997,
581,329,outandin
581,703,outgoing
581,855,incoming
581,936,
855,697,
997,65,incoming
997,90,incoming
997,329,outandin
997,772,incoming
35,167,incoming
35,207,outandin
35,264,outandin
35,274,outandin
35,469,
35,547,outgoing
35,552,outandin
35,817,outandin
35,978,
167,469,
167,547,outgoing
167,552,outgoing
167,817,outgoing
167,851,
167,978,
167,988,
207,67,
207,92,
207,142,
207,274,outandin
207,424,
207,469,
207,493,outgoing
207,547,outgoing
207,552,outandin
207,558,
207,795,outgoing
207,953,
207,954,outandin
207,978,
207,988,outgoing
264,67,outandin
264,245,outandin
264,329,outgoing
264,360,outandin
264,375,outandin
264,547,outandin
264,596,outandin
264,858,outandin
274,142,outandin
274,188,outandin
274,190,
274,391,outandin
274,469,outgoing
274,631,incoming
274,920,
469,188,
469,229,outandin
469,241,
469,421,
469,424,
469,547,
469,552,outandin
469,795,
469,817,
469,851,
469,858,outgoing
469,954,
469,978,
547,141,outgoing
547,188,outgoing
547,241,outgoing
547,301,
547,421,outgoing
547,424,outgoing
547,512,outgoing
547,552,outgoing
547,614,outgoing
547,631,outandin
547,709,outgoing
547,795,outgoing
547,817,outgoing
547,824,outgoing
547,851,
547,954,outgoing
547,978,
552,141,outandin
552,188,incoming
552,241,outandin
552,292,outandin
552,301,outandin
552,421,outandin
552,424,outandin
552,512,outandin
552,614,incoming
552,795,outandin
552,817,outgoing
552,824,outandin
552,851,outgoing
552,951,outgoing
552,954,outandin
552,978,
817,294,
817,421,outandin
817,978,
978,53,outgoing
978,120,outandin
978,141,
978,188,
978,290,outandin
978,301,
978,421,
978,424,
978,493,outgoing
978,614,
978,645,incoming
978,795,
978,851,
978,954,
978,957,
978,988,
38,69,outandin
38,90,outgoing
38,460,outandin
38,591,outandin
38,740,outandin
38,832,outandin
38,879,outandin
38,939,outandin
69,663,outandin
90,65,incoming
90,75,outandin
90,142,outgoing
90,173,outandin
90,191,outandin
90,201,incoming
90,223,incoming
90,268,outandin
90,292,outandin
90,347,outandin
90,443,outandin
90,485,outandin
90,493,outandin
90,502,incoming
90,546,outandin
90,612,incoming
90,657,incoming
90,692,
90,742,incoming
90,746,outandin
90,749,outgoing
90,808,outandin
90,920,incoming
90,927,
90,940,outgoing
460,788,outandin
591,97,incoming
591,157,incoming
591,248,incoming
591,462,incoming
591,502,outgoing
591,534,
591,542,outandin
591,607,
591,663,outandin
591,692,outgoing
591,746,incoming
591,910,outgoing
740,106,outgoing
740,157,outandin
740,337,incoming
740,788,
740,832,outandin
740,879,
832,103,outandin
832,106,outandin
832,184,outandin
832,388,outandin
832,509,outandin
832,638,incoming
832,879,outandin
832,936,outandin
879,164,
879,223,
879,322,
879,368,
879,420,
939,125,outgoing
939,139,outgoing
939,322,outandin
939,474,outandin
939,534,outandin
60,568,outandin
187,65,outandin
187,450,
187,466,outandin
187,568,outandin
187,596,outandin
187,662,outandin
187,695,outgoing
198,120,outgoing
198,568,outgoing
254,568,outandin
272,193,outandin
272,306,outgoing
272,450,
272,568,
272,572,outgoing
272,662,
272,742,incoming
272,900,
290,53,
290,127,outandin
290,151,
290,157,outandin
290,190,outandin
290,220,incoming
290,248,outandin
290,253,
290,278,outgoing
290,326,outandin
290,364,outandin
290,416,
290,450,outandin
290,454,outandin
290,502,outandin
290,528,outandin
290,534,outandin
290,542,outandin
290,544,outandin
290,566,outgoing
290,595,outandin
290,612,outandin
290,671,outandin
290,687,outgoing
290,692,outandin
290,739,outandin
290,742,outandin
290,775,outandin
290,776,outandin
290,834,outandin
290,836,outandin
290,851,outandin
290,865,outandin
290,866,outandin
290,920,outandin
290,927,outandin
290,940,outandin
290,948,outandin
334,65,outgoing
334,75,
334,157,outgoing
334,220,
334,248,incoming
334,322,outandin
334,416,outandin
334,462,
334,534,
334,542,outandin
334,607,
334,628,outandin
334,687,
334,692,
334,742,outandin
334,746,incoming
334,749,outandin
334,772,outgoing
334,776,
334,940,outandin
450,75,outandin
450,306,outandin
450,398,incoming
450,462,
450,568,
450,571,outandin
450,572,
450,595,
450,596,
450,607,outandin
450,662,
450,692,outandin
450,695,
450,754,
450,772,outgoing
450,900,
450,947,
454,98,
454,120,
454,134,
454,193,outgoing
454,235,outandin
454,268,
454,278,outgoing
454,291,
454,297,outandin
454,401,
454,416,
454,429,
454,592,
454,609,
454,706,outandin
454,713,outgoing
454,772,
454,916,outandin
454,927,incoming
454,1003,outandin
466,662,
488,568,outgoing
568,229,
568,379,
568,495,
568,572,outandin
568,596,outgoing
568,662,
568,695,outgoing
568,771,
568,784,outgoing
568,900,incoming
568,947,outgoing
572,696,outgoing
587,56,outandin
587,306,outandin
587,318,outgoing
587,326,outandin
587,415,
587,617,outandin
587,936,outandin
596,239,outgoing
596,695,outandin
607,75,
607,127,
607,157,outgoing
607,184,outgoing
607,229,
607,243,outandin
607,250,outandin
607,306,outandin
607,377,outgoing
607,415,
607,423,outandin
607,528,outandin
607,534,incoming
607,660,outandin
607,692,outgoing
607,696,
607,742,outandin
607,749,outgoing
607,771,outandin
607,784,outandin
607,833,outgoing
607,890,outandin
607,920,
607,927,outandin
607,991,outandin
607,993,outandin
607,1004,outandin
662,86,outgoing
662,152,outandin
662,193,outandin
662,239,outandin
662,443,
662,900,
703,83,outandin
703,86,
703,229,outandin
703,306,outgoing
703,443,
703,771,
703,772,outandin
703,784,outandin
703,835,outandin
703,863,outandin
703,901,outandin
703,951,outandin
703,993,outandin
772,56,outandin
772,72,outandin
772,75,
772,120,
772,127,outandin
772,150,outandin
772,196,outandin
772,243,outandin
772,306,outandin
772,326,outgoing
772,364,outandin
772,377,outandin
772,398,outandin
772,443,outandin
772,502,outandin
772,522,outandin
772,528,outandin
772,542,outandin
772,544,outgoing
772,573,outandin
772,609,
772,613,outandin
772,637,outandin
772,660,outandin
772,687,outgoing
772,739,outgoing
772,742,outgoing
772,775,outandin
772,776,outandin
772,812,outandin
772,823,outandin
772,834,outandin
772,854,outandin
772,865,outandin
772,927,
772,993,outgoing
900,196,outandin
900,571,outandin
900,742,
947,774,outgoing
41,565,
41,723,outgoing
41,758,outandin
565,481,outandin
565,558,outgoing
565,679,
565,723,
565,956,outgoing
723,481,outandin
723,558,outandin
723,758,outgoing
723,933,outandin
758,91,outandin
758,318,incoming
758,434,outgoing
758,844,
758,918,
758,956,
42,402,outgoing
42,510,outandin
42,638,outandin
510,125,outgoing
510,139,
510,534,incoming
510,622,incoming
638,164,incoming
638,239,outandin
638,509,outandin
638,706,outgoing
638,788,outandin
638,853,incoming
638,951,incoming
45,66,
45,227,
45,782,outandin
66,227,
66,782,outgoing
66,966,outandin
66,986,incoming
782,332,
782,416,outgoing
782,435,
782,475,outandin
782,500,
558,321,outgoing
558,956,
672,91,outandin
672,844,outgoing
672,909,outandin
672,922,outandin
672,956,outgoing
844,157,outandin
844,277,outandin
844,318,outandin
844,956,incoming
956,193,outandin
956,321,outgoing
956,366,outandin
49,248,incoming
248,120,outandin
248,157,
248,185,outandin
248,415,outandin
248,462,incoming
248,483,outandin
248,687,outgoing
248,692,outgoing
248,746,incoming
248,920,outandin
52,65,outandin
52,126,
52,416,
52,602,outandin
65,56,outandin
65,75,outgoing
65,120,outgoing
65,127,incoming
65,151,outandin
65,191,outgoing
65,193,incoming
65,220,
65,243,outandin
65,278,outandin
65,326,outgoing
65,329,outandin
65,338,incoming
65,377,outandin
65,416,incoming
65,528,outandin
65,613,outandin
65,624,outandin
65,671,outandin
65,687,
65,692,incoming
65,771,
65,775,outandin
65,812,outandin
65,834,outandin
65,851,outgoing
65,863,outandin
65,910,outandin
65,920,
65,927,
65,993,outandin
126,232,outandin
126,294,
126,416,
126,500,outandin
126,759,outgoing
416,120,incoming
416,133,outgoing
416,256,
416,294,
416,305,
416,439,outandin
416,573,
416,602,outgoing
416,648,outgoing
416,759,outandin
416,762,outgoing
416,854,outandin
416,859,outgoing
416,927,
602,133,
602,209,outandin
602,256,outandin
602,648,outandin
53,75,outandin
53,120,outgoing
53,193,
53,268,outandin
53,278,outandin
53,443,incoming
53,609,outandin
53,614,outandin
53,633,
53,901,outandin
53,940,outgoing
75,91,outandin
75,120,outgoing
75,185,outandin
75,191,
75,193,outandin
75,220,
75,235,outandin
75,292,outandin
75,338,outandin
75,388,outandin
75,415,incoming
75,531,outandin
75,546,outandin
75,592,outandin
75,609,
75,617,outandin
75,633,outgoing
75,660,outandin
75,661,outandin
75,749,outandin
75,833,outgoing
75,890,outandin
75,927,incoming
120,72,outandin
120,157,outgoing
120,190,incoming
120,191,outgoing
120,196,outgoing
120,220,incoming
120,223,outandin
120,268,outandin
120,291,outandin
120,326,incoming
120,528,outandin
120,534,outandin
120,542,outgoing
120,609,incoming
120,612,outandin
120,633,outandin
120,687,outandin
120,776,outandin
120,812,outandin
120,851,outandin
120,854,outgoing
120,920,outandin
120,927,
120,940,outandin
193,230,incoming
193,268,outandin
193,277,outandin
193,306,outandin
193,443,incoming
193,500,
193,550,
193,592,outandin
193,595,outandin
193,609,outandin
193,612,outandin
193,633,
193,714,
193,736,outandin
193,880,outandin
193,890,outandin
193,940,outgoing
193,983,outandin
268,98,
268,117,
268,134,outandin
268,196,outandin
268,257,outandin
268,291,
268,401,incoming
268,592,
268,633,
268,683,outandin
268,713,
268,1003,outandin
278,98,
278,291,outgoing
278,462,incoming
278,687,outandin
278,983,outandin
443,83,outandin
443,86,
443,137,
443,152,
443,742,
443,771,
443,1003,outandin
609,235,incoming
609,239,
609,435,outandin
609,528,outandin
609,542,outandin
609,633,
609,707,
609,890,
609,927,
609,951,
609,1003,
614,687,outandin
614,920,outandin
633,251,outandin
633,612,
633,707,
633,801,outandin
633,920,outgoing
633,940,outandin
633,963,outandin
901,771,
901,863,outgoing
56,329,outandin
56,482,
56,789,outgoing
56,994,outandin
329,245,outgoing
329,582,outandin
329,734,outandin
329,764,outgoing
329,769,incoming
329,910,outgoing
482,251,outgoing
482,531,
482,606,outandin
482,951,outandin
789,68,outgoing
994,624,outgoing
994,764,
994,863,outandin
58,577,
58,585,outgoing
58,769,
58,818,outgoing
58,909,
577,157,outgoing
577,171,outandin
577,267,outandin
577,347,outandin
577,590,outandin
577,686,outgoing
577,933,outandin
585,444,outandin
585,659,outandin
769,116,outandin
769,220,outgoing
769,292,
769,307,outandin
769,692,incoming
769,736,outgoing
769,742,
769,798,incoming
769,951,incoming
818,438,outgoing
818,478,outandin
909,383,outgoing
909,528,outandin
59,423,outandin
423,101,
423,103,incoming
423,127,outgoing
423,139,outandin
423,184,
423,377,
423,514,outandin
423,563,outandin
423,710,
423,779,outandin
423,849,outgoing
127,377,outgoing
127,687,incoming
127,749,outgoing
127,907,outgoing
233,105,incoming
233,245,outandin
233,692,
306,137,outgoing
306,194,outandin
306,203,outandin
306,229,
306,273,outandin
306,523,outandin
306,659,
306,660,
306,742,
306,771,
306,784,
306,951,outgoing
338,185,outandin
377,101,
377,457,
377,696,outandin
377,866,
534,64,outgoing
534,84,outandin
534,125,outgoing
534,139,outgoing
534,223,outgoing
534,322,incoming
534,343,
534,505,outandin
534,546,outandin
534,550,incoming
534,692,
534,735,outandin
534,890,
687,462,incoming
687,502,outgoing
687,542,outandin
687,546,outandin
687,907,outandin
692,157,outgoing
692,185,outandin
692,191,outandin
692,307,outgoing
692,317,outandin
692,326,outandin
692,364,outandin
692,415,outandin
692,438,outandin
692,462,incoming
692,471,outandin
692,736,outgoing
692,739,outandin
692,742,incoming
692,746,
692,749,outgoing
692,775,
692,830,outgoing
692,910,outgoing
692,983,outandin
742,86,incoming
742,462,incoming
742,571,outandin
742,659,
742,784,outgoing
742,835,incoming
742,863,incoming
742,993,
754,883,outandin
991,654,outgoing
991,858,outgoing
62,113,outandin
62,369,outgoing
62,394,incoming
62,485,
62,513,outgoing
62,542,
62,551,outgoing
62,571,outandin
62,646,
62,823,outgoing
62,854,outgoing
113,535,outandin
113,542,outgoing
113,823,outgoing
113,927,
369,444,outandin
369,535,
369,646,outgoing
369,823,outgoing
369,927,
369,951,incoming
394,571,outandin
394,823,outgoing
485,513,outgoing
485,646,outandin
485,823,outgoing
485,854,outandin
485,927,
513,535,outgoing
513,542,outandin
513,646,outandin
513,823,
513,927,
542,157,
542,462,
542,535,
542,551,outandin
542,571,outandin
542,646,
542,812,outandin
542,823,outgoing
542,854,outgoing
542,927,
551,134,outandin
551,444,incoming
551,646,outandin
551,823,outgoing
551,927,
571,160,outandin
571,161,outandin
571,277,outandin
571,285,outandin
571,663,outandin
571,776,outandin
571,870,outandin
571,885,outandin
571,910,outandin
571,935,outandin
646,823,outgoing
646,854,outandin
646,927,
823,124,outgoing
823,250,outgoing
823,444,outgoing
823,535,
823,556,outgoing
823,722,outgoing
823,821,outgoing
823,854,outgoing
823,927,
854,267,outandin
854,794,outandin
854,927,
151,253,
191,209,outandin
191,326,outandin
191,415,
191,749,outgoing
191,927,
220,364,outgoing
220,471,incoming
220,546,outandin
220,749,
326,146,
326,483,outgoing
326,930,outgoing
528,194,outandin
528,257,outandin
528,383,outgoing
528,739,outandin
528,803,outandin
528,867,outgoing
624,245,outandin
624,582,outandin
624,836,outandin
624,873,outgoing
671,397,
671,415,outandin
771,83,
771,86,incoming
771,137,
771,161,outandin
771,229,outgoing
771,659,incoming
771,697,outandin
771,784,incoming
771,835,outandin
771,863,
771,993,incoming
775,415,outandin
812,119,outandin
812,465,outandin
834,415,outandin
851,188,incoming
851,462,
851,920,
851,957,outandin
863,82,outandin
920,148,outandin
920,181,outgoing
920,190,
920,546,outgoing
927,196,outandin
927,250,
927,444,
927,515,outgoing
927,535,
927,592,
927,722,
927,770,
927,821,outandin
927,948,outgoing
966,347,
966,746,outandin
966,933,
966,935,
67,963,
663,223,outgoing
663,322,incoming
663,343,
663,509,outandin
663,950,outgoing
71,595,
595,372,
595,404,
595,934,
318,332,
318,934,outandin
91,103,outandin
91,260,outandin
91,415,
91,701,outandin
91,1001,outandin
185,364,outandin
185,383,outandin
185,415,outgoing
185,502,outandin
185,617,outandin
185,762,outandin
185,830,outgoing
185,833,outgoing
235,890,incoming
235,951,outandin
292,701,outandin
388,132,incoming
388,299,
388,322,outandin
388,337,outandin
388,343,
388,509,outandin
388,853,outgoing
388,951,
415,150,
415,190,outandin
415,401,
415,462,outandin
415,471,outandin
415,617,outandin
415,749,outandin
415,833,outgoing
415,865,incoming
546,277,outandin
546,550,outgoing
546,573,outandin
546,873,outandin
592,98,
592,117,outandin
592,134,
592,257,outandin
592,713,
592,948,
617,833,outgoing
660,134,incoming
660,749,outandin
833,462,
890,230,outandin
890,502,outandin
890,714,incoming
890,776,outandin
890,798,outandin
890,1003,outandin
260,232,outandin
260,575,incoming
260,762,outandin
294,256,
294,447,outandin
294,984,incoming
575,232,outandin
688,409,outandin
688,599,outandin
688,808,outgoing
710,409,outgoing
710,502,outandin
710,599,outgoing
951,171,incoming
951,194,outandin
951,267,outgoing
951,273,
951,707,
951,866,outandin
951,979,outandin
82,628,outgoing
82,870,
628,229,outgoing
628,870,outgoing
83,697,outandin
83,784,outgoing
697,311,
697,360,outandin
697,873,outandin
697,925,
784,807,outandin
84,343,outandin
343,223,outgoing
343,322,
343,505,outandin
86,152,
142,267,
142,316,outgoing
142,658,incoming
201,883,outandin
223,97,outandin
223,103,outandin
223,322,
223,368,outandin
223,462,incoming
347,157,outandin
347,171,outgoing
347,277,outandin
347,590,outandin
347,748,outandin
347,933,incoming
493,301,outgoing
493,561,
493,631,outandin
493,658,outgoing
493,685,
493,795,outgoing
493,838,outandin
502,228,outgoing
502,239,outgoing
502,538,
502,599,incoming
502,776,
502,976,outandin
612,634,outandin
746,841,outandin
746,935,incoming
808,898,outandin
103,164,outgoing
103,368,outandin
103,514,
103,780,outgoing
103,950,outgoing
103,1001,
701,549,outandin
1001,106,
1001,514,outandin
1001,644,
1001,685,
92,658,
92,953,incoming
953,374,outgoing
953,838,outandin
95,364,outandin
364,764,
96,132,incoming
96,420,outgoing
96,509,incoming
132,509,outandin
132,842,outgoing
420,164,
420,559,outandin
509,106,outgoing
509,125,outandin
509,299,outgoing
509,634,outandin
509,780,outandin
509,788,incoming
509,950,outandin
97,936,incoming
936,137,outandin
936,161,outandin
936,626,outgoing
98,117,
98,134,
98,291,
98,429,
98,449,incoming
98,707,
98,713,
117,291,outgoing
134,291,
291,401,
291,429,
291,713,outgoing
429,196,
429,401,
429,925,outgoing
449,462,outandin
707,713,
707,880,outgoing
707,1003,
713,566,outgoing
101,866,
866,681,outandin
866,708,
102,106,outandin
102,125,outgoing
102,139,outgoing
106,337,incoming
106,399,outandin
106,634,outandin
106,788,
106,828,
125,139,outgoing
125,154,outgoing
125,174,outandin
125,206,outandin
125,323,outandin
125,477,
125,487,outandin
125,524,outgoing
125,622,
125,780,outandin
139,154,outgoing
139,174,outgoing
139,206,outgoing
139,323,
139,477,
139,487,outgoing
139,524,outgoing
164,322,
164,853,outandin
368,788,outandin
514,322,outandin
514,395,
514,603,incoming
514,780,outandin
514,950,outgoing
780,337,
780,603,outgoing
780,788,outandin
780,950,outandin
950,337,outandin
950,399,outandin
950,788,outandin
648,232,outandin
648,515,outandin
648,762,outandin
105,616,incoming
337,299,
337,320,outgoing
337,323,outandin
337,505,
337,603,outandin
337,634,incoming
337,649,incoming
337,822,incoming
337,853,incoming
399,788,outandin
634,299,outandin
634,788,
788,477,outandin
788,676,outandin
788,735,outandin
828,804,outandin
208,652,incoming
208,1004,incoming
320,883,incoming
383,311,outandin
383,922,outgoing
643,685,
643,881,outgoing
643,1004,
810,440,outandin
810,473,outandin
898,685,outandin
1004,639,outgoing
267,674,outgoing
267,944,
267,988,outandin
392,674,
674,276,outandin
535,444,
535,462,outandin
114,122,outandin
114,479,incoming
479,904,outandin
157,277,outandin
157,462,incoming
157,590,outgoing
157,686,outgoing
157,933,outandin
190,353,
190,373,outgoing
196,873,incoming
196,983,outandin
776,935,outandin
622,676,incoming
500,332,
500,435,
500,515,incoming
500,573,outandin
759,762,outandin
907,883,outgoing
133,256,incoming
133,984,outandin
984,447,
462,739,outandin
838,952,
838,971,outandin
141,188,
141,241,outgoing
141,421,outgoing
188,301,outandin
421,424,
421,795,outgoing
171,590,
171,933,outandin
277,285,outandin
277,590,outandin
277,931,outandin
277,933,outandin
590,933,outandin
686,184,incoming
686,355,outandin
686,650,
686,933,outandin
933,355,outandin
933,748,outandin
933,935,outandin
253,566,
153,411,outandin
158,414,incoming
161,239,outandin
239,372,outandin
239,706,outandin
239,988,outandin
322,853,incoming
573,447,incoming
988,257,outandin
885,447,outgoing
650,184,
650,654,incoming
650,761,outandin
650,849,
650,881,outandin
737,440,
737,849,
849,858,outandin
180,215,
180,217,outandin
180,727,outgoing
180,829,outandin
215,639,outandin
215,644,outandin
184,333,outandin
184,393,
184,779,incoming
184,883,
333,693,outandin
393,883,incoming
830,245,outandin
186,722,outgoing
301,257,outandin
281,905,outgoing
969,761,outandin
353,391,outandin
353,957,outandin
373,858,outandin
736,245,
873,698,
543,952,outandin
696,483,outandin
696,678,
696,935,outandin
424,795,
795,257,outandin
835,397,outandin
228,693,outgoing
229,483,outgoing
245,698,
245,764,outgoing
582,764,outgoing
698,764,
372,404,outgoing
372,934,outgoing
250,332,
250,886,
332,435,
251,641,outgoing
641,809,outandin
257,640,outandin
631,561,
327,761,outandin
599,409,outgoing
305,859,
735,603,outandin
311,925,outgoing
311,955,
925,955,
955,427,
955,773,
317,441,outandin
676,603,outandin
761,396,incoming
761,804,
761,881,
505,395,outandin
505,603,outandin
603,822,outandin
397,975,
459,564,outgoing
497,773,outandin
512,708,outandin
809,669,outandin
861,896,
